"plan","query","region","subject","estimate","planted","readout"
"cross","contrast_all","regionA","sub-01",0.812504387589665,0.793109903395635,"match - control, all eligible pairs"
"cross","contrast_all","regionA","sub-02",0.763430515149252,0.793109903395635,"match - control, all eligible pairs"
"cross","contrast_all","regionA","sub-03",0.826311205015692,0.793109903395635,"match - control, all eligible pairs"
"cross","contrast_all","regionA","sub-04",0.739421216497953,0.793109903395635,"match - control, all eligible pairs"
"cross","contrast_all","regionA","sub-05",0.791342723497655,0.793109903395635,"match - control, all eligible pairs"
"cross","contrast_all","regionA","sub-06",0.780260590917484,0.793109903395635,"match - control, all eligible pairs"
"cross","contrast_all","regionA","sub-07",0.786303651360108,0.793109903395635,"match - control, all eligible pairs"
"cross","contrast_all","regionA","sub-08",0.786445719602588,0.793109903395635,"match - control, all eligible pairs"
"cross","contrast_all","regionA","sub-09",0.777837857426939,0.793109903395635,"match - control, all eligible pairs"
"cross","contrast_all","regionA","sub-10",0.816453989461598,0.793109903395635,"match - control, all eligible pairs"
"cross","contrast_all","regionA","sub-11",0.809566205749236,0.793109903395635,"match - control, all eligible pairs"
"cross","contrast_all","regionA","sub-12",0.8348629177783,0.793109903395635,"match - control, all eligible pairs"
"cross","contrast_all","regionB","sub-01",1.06059992176324,1.02279451724854,"match - control, all eligible pairs"
"cross","contrast_all","regionB","sub-02",1.03122848776175,1.02279451724854,"match - control, all eligible pairs"
"cross","contrast_all","regionB","sub-03",1.08230345362198,1.02279451724854,"match - control, all eligible pairs"
"cross","contrast_all","regionB","sub-04",1.05443980005196,1.02279451724854,"match - control, all eligible pairs"
"cross","contrast_all","regionB","sub-05",0.972836161116245,1.02279451724854,"match - control, all eligible pairs"
"cross","contrast_all","regionB","sub-06",0.983479603872033,1.02279451724854,"match - control, all eligible pairs"
"cross","contrast_all","regionB","sub-07",1.00039560690913,1.02279451724854,"match - control, all eligible pairs"
"cross","contrast_all","regionB","sub-08",1.05017620632618,1.02279451724854,"match - control, all eligible pairs"
"cross","contrast_all","regionB","sub-09",1.02601035067479,1.02279451724854,"match - control, all eligible pairs"
"cross","contrast_all","regionB","sub-10",1.02411348065528,1.02279451724854,"match - control, all eligible pairs"
"cross","contrast_all","regionB","sub-11",0.995933410909287,1.02279451724854,"match - control, all eligible pairs"
"cross","contrast_all","regionB","sub-12",1.05564593994323,1.02279451724854,"match - control, all eligible pairs"
"cross","contrast_all","regionC","sub-01",-0.0081277667439215,0.00696510355750781,"match - control, all eligible pairs"
"cross","contrast_all","regionC","sub-02",0.0069579409416518,0.00696510355750781,"match - control, all eligible pairs"
"cross","contrast_all","regionC","sub-03",0.0158588476360015,0.00696510355750781,"match - control, all eligible pairs"
"cross","contrast_all","regionC","sub-04",0.0262850251934394,0.00696510355750781,"match - control, all eligible pairs"
"cross","contrast_all","regionC","sub-05",0.0164459633353643,0.00696510355750781,"match - control, all eligible pairs"
"cross","contrast_all","regionC","sub-06",0.0208577744313422,0.00696510355750781,"match - control, all eligible pairs"
"cross","contrast_all","regionC","sub-07",-0.0275312552215588,0.00696510355750781,"match - control, all eligible pairs"
"cross","contrast_all","regionC","sub-08",-0.00669783165978435,0.00696510355750781,"match - control, all eligible pairs"
"cross","contrast_all","regionC","sub-09",-0.0186818268864557,0.00696510355750781,"match - control, all eligible pairs"
"cross","contrast_all","regionC","sub-10",0.0214958610225703,0.00696510355750781,"match - control, all eligible pairs"
"cross","contrast_all","regionC","sub-11",-0.00152837036487166,0.00696510355750781,"match - control, all eligible pairs"
"cross","contrast_all","regionC","sub-12",0.0200214332053274,0.00696510355750781,"match - control, all eligible pairs"
"cross","contrast_category","regionA","sub-01",0.539613116389679,0.527732880428632,"match - control, category-matched pairs"
"cross","contrast_category","regionA","sub-02",0.499485555165993,0.527732880428632,"match - control, category-matched pairs"
"cross","contrast_category","regionA","sub-03",0.562712838245735,0.527732880428632,"match - control, category-matched pairs"
"cross","contrast_category","regionA","sub-04",0.470480382858966,0.527732880428632,"match - control, category-matched pairs"
"cross","contrast_category","regionA","sub-05",0.52605126726767,0.527732880428632,"match - control, category-matched pairs"
"cross","contrast_category","regionA","sub-06",0.509204279599346,0.527732880428632,"match - control, category-matched pairs"
"cross","contrast_category","regionA","sub-07",0.509631695323064,0.527732880428632,"match - control, category-matched pairs"
"cross","contrast_category","regionA","sub-08",0.516129881936556,0.527732880428632,"match - control, category-matched pairs"
"cross","contrast_category","regionA","sub-09",0.521471689117949,0.527732880428632,"match - control, category-matched pairs"
"cross","contrast_category","regionA","sub-10",0.547878088991041,0.527732880428632,"match - control, category-matched pairs"
"cross","contrast_category","regionA","sub-11",0.545322546870112,0.527732880428632,"match - control, category-matched pairs"
"cross","contrast_category","regionA","sub-12",0.577917538130703,0.527732880428632,"match - control, category-matched pairs"
"cross","contrast_category","regionB","sub-01",0.00993672873313088,-0.00237882954847865,"match - control, category-matched pairs"
"cross","contrast_category","regionB","sub-02",-0.000496045075202238,-0.00237882954847865,"match - control, category-matched pairs"
"cross","contrast_category","regionB","sub-03",0.042047664809256,-0.00237882954847865,"match - control, category-matched pairs"
"cross","contrast_category","regionB","sub-04",0.00648904033569502,-0.00237882954847865,"match - control, category-matched pairs"
"cross","contrast_category","regionB","sub-05",-0.0181837720402806,-0.00237882954847865,"match - control, category-matched pairs"
"cross","contrast_category","regionB","sub-06",-0.0361122172311959,-0.00237882954847865,"match - control, category-matched pairs"
"cross","contrast_category","regionB","sub-07",-0.0306093886013389,-0.00237882954847865,"match - control, category-matched pairs"
"cross","contrast_category","regionB","sub-08",0.00679174212142461,-0.00237882954847865,"match - control, category-matched pairs"
"cross","contrast_category","regionB","sub-09",-0.0127055610573311,-0.00237882954847865,"match - control, category-matched pairs"
"cross","contrast_category","regionB","sub-10",-0.011999399549943,-0.00237882954847865,"match - control, category-matched pairs"
"cross","contrast_category","regionB","sub-11",-0.0411406425056302,-0.00237882954847865,"match - control, category-matched pairs"
"cross","contrast_category","regionB","sub-12",-0.000123655411867323,-0.00237882954847865,"match - control, category-matched pairs"
"cross","contrast_category","regionC","sub-01",-0.0129237514962987,0.00862808472829917,"match - control, category-matched pairs"
"cross","contrast_category","regionC","sub-02",0.0134519231814462,0.00862808472829917,"match - control, category-matched pairs"
"cross","contrast_category","regionC","sub-03",0.0189199245286898,0.00862808472829917,"match - control, category-matched pairs"
"cross","contrast_category","regionC","sub-04",0.0260382853055906,0.00862808472829917,"match - control, category-matched pairs"
"cross","contrast_category","regionC","sub-05",0.0160264904888743,0.00862808472829917,"match - control, category-matched pairs"
"cross","contrast_category","regionC","sub-06",0.0181748794735573,0.00862808472829917,"match - control, category-matched pairs"
"cross","contrast_category","regionC","sub-07",-0.0253753246644559,0.00862808472829917,"match - control, category-matched pairs"
"cross","contrast_category","regionC","sub-08",-0.00486082467987277,0.00862808472829917,"match - control, category-matched pairs"
"cross","contrast_category","regionC","sub-09",-0.0172694245160431,0.00862808472829917,"match - control, category-matched pairs"
"cross","contrast_category","regionC","sub-10",0.0186615544196545,0.00862808472829917,"match - control, category-matched pairs"
"cross","contrast_category","regionC","sub-11",0.00189588893751109,0.00862808472829917,"match - control, category-matched pairs"
"cross","contrast_category","regionC","sub-12",0.0216669754383379,0.00862808472829917,"match - control, category-matched pairs"
"cross","level_baseline","regionA","sub-01",0.12071660523208,0.105309136879866,"mean coupling over every eligible pair"
"cross","level_baseline","regionA","sub-02",0.113661596632404,0.105309136879866,"mean coupling over every eligible pair"
"cross","level_baseline","regionA","sub-03",0.140367570179176,0.105309136879866,"mean coupling over every eligible pair"
"cross","level_baseline","regionA","sub-04",0.109690737858024,0.105309136879866,"mean coupling over every eligible pair"
"cross","level_baseline","regionA","sub-05",0.0903998075787536,0.105309136879866,"mean coupling over every eligible pair"
"cross","level_baseline","regionA","sub-06",0.120717490224665,0.105309136879866,"mean coupling over every eligible pair"
"cross","level_baseline","regionA","sub-07",0.0992093466958616,0.105309136879866,"mean coupling over every eligible pair"
"cross","level_baseline","regionA","sub-08",0.086031169376746,0.105309136879866,"mean coupling over every eligible pair"
"cross","level_baseline","regionA","sub-09",0.100778118940406,0.105309136879866,"mean coupling over every eligible pair"
"cross","level_baseline","regionA","sub-10",0.100858933322037,0.105309136879866,"mean coupling over every eligible pair"
"cross","level_baseline","regionA","sub-11",0.0942078694068583,0.105309136879866,"mean coupling over every eligible pair"
"cross","level_baseline","regionA","sub-12",0.103508546622068,0.105309136879866,"mean coupling over every eligible pair"
"cross","level_baseline","regionB","sub-01",0.387969894871451,0.436918212173344,"mean coupling over every eligible pair"
"cross","level_baseline","regionB","sub-02",0.400588930125627,0.436918212173344,"mean coupling over every eligible pair"
"cross","level_baseline","regionB","sub-03",0.456675932641238,0.436918212173344,"mean coupling over every eligible pair"
"cross","level_baseline","regionB","sub-04",0.443175388496587,0.436918212173344,"mean coupling over every eligible pair"
"cross","level_baseline","regionB","sub-05",0.470130466026397,0.436918212173344,"mean coupling over every eligible pair"
"cross","level_baseline","regionB","sub-06",0.446468409815554,0.436918212173344,"mean coupling over every eligible pair"
"cross","level_baseline","regionB","sub-07",0.434599458578073,0.436918212173344,"mean coupling over every eligible pair"
"cross","level_baseline","regionB","sub-08",0.470193521188915,0.436918212173344,"mean coupling over every eligible pair"
"cross","level_baseline","regionB","sub-09",0.40904276492741,0.436918212173344,"mean coupling over every eligible pair"
"cross","level_baseline","regionB","sub-10",0.475346572410079,0.436918212173344,"mean coupling over every eligible pair"
"cross","level_baseline","regionB","sub-11",0.442065067088524,0.436918212173344,"mean coupling over every eligible pair"
"cross","level_baseline","regionB","sub-12",0.39878914815852,0.436918212173344,"mean coupling over every eligible pair"
"cross","level_baseline","regionC","sub-01",0.0204570172521301,-0.000608388705231452,"mean coupling over every eligible pair"
"cross","level_baseline","regionC","sub-02",-0.00468881348173403,-0.000608388705231452,"mean coupling over every eligible pair"
"cross","level_baseline","regionC","sub-03",0.00611502512260128,-0.000608388705231452,"mean coupling over every eligible pair"
"cross","level_baseline","regionC","sub-04",-0.0142282961373209,-0.000608388705231452,"mean coupling over every eligible pair"
"cross","level_baseline","regionC","sub-05",-0.0122782351150518,-0.000608388705231452,"mean coupling over every eligible pair"
"cross","level_baseline","regionC","sub-06",0.0180290688896941,-0.000608388705231452,"mean coupling over every eligible pair"
"cross","level_baseline","regionC","sub-07",0.00968120698378803,-0.000608388705231452,"mean coupling over every eligible pair"
"cross","level_baseline","regionC","sub-08",-0.0120545090799218,-0.000608388705231452,"mean coupling over every eligible pair"
"cross","level_baseline","regionC","sub-09",-0.00848149786057032,-0.000608388705231452,"mean coupling over every eligible pair"
"cross","level_baseline","regionC","sub-10",-0.000703794756926334,-0.000608388705231452,"mean coupling over every eligible pair"
"cross","level_baseline","regionC","sub-11",-0.00493346101679911,-0.000608388705231452,"mean coupling over every eligible pair"
"cross","level_baseline","regionC","sub-12",0.0170705948373359,-0.000608388705231452,"mean coupling over every eligible pair"
"cross","level_control_all","regionA","sub-01",0.102660952174532,0.0876844723599629,"mean control coupling (all eligible)"
"cross","level_control_all","regionA","sub-02",0.0966964740735314,0.0876844723599629,"mean control coupling (all eligible)"
"cross","level_control_all","regionA","sub-03",0.122005098956605,0.0876844723599629,"mean control coupling (all eligible)"
"cross","level_control_all","regionA","sub-04",0.0932591552691804,0.0876844723599629,"mean control coupling (all eligible)"
"cross","level_control_all","regionA","sub-05",0.0728144137232501,0.0876844723599629,"mean control coupling (all eligible)"
"cross","level_control_all","regionA","sub-06",0.103378365982054,0.0876844723599629,"mean control coupling (all eligible)"
"cross","level_control_all","regionA","sub-07",0.0817359322211925,0.0876844723599629,"mean control coupling (all eligible)"
"cross","level_control_all","regionA","sub-08",0.0685545978300218,0.0876844723599629,"mean control coupling (all eligible)"
"cross","level_control_all","regionA","sub-09",0.0834928332198077,0.0876844723599629,"mean control coupling (all eligible)"
"cross","level_control_all","regionA","sub-10",0.0827155113340011,0.0876844723599629,"mean control coupling (all eligible)"
"cross","level_control_all","regionA","sub-11",0.0762175092790975,0.0876844723599629,"mean control coupling (all eligible)"
"cross","level_control_all","regionA","sub-12",0.0849560373381062,0.0876844723599629,"mean control coupling (all eligible)"
"cross","level_control_all","regionB","sub-01",0.364401007721157,0.414189445123376,"mean control coupling (all eligible)"
"cross","level_control_all","regionB","sub-02",0.377672741508699,0.414189445123376,"mean control coupling (all eligible)"
"cross","level_control_all","regionB","sub-03",0.432624744782972,0.414189445123376,"mean control coupling (all eligible)"
"cross","level_control_all","regionB","sub-04",0.419743392939877,0.414189445123376,"mean control coupling (all eligible)"
"cross","level_control_all","regionB","sub-05",0.448511884668259,0.414189445123376,"mean control coupling (all eligible)"
"cross","level_control_all","regionB","sub-06",0.424613307507287,0.414189445123376,"mean control coupling (all eligible)"
"cross","level_control_all","regionB","sub-07",0.412368445091203,0.414189445123376,"mean control coupling (all eligible)"
"cross","level_control_all","regionB","sub-08",0.446856272159444,0.414189445123376,"mean control coupling (all eligible)"
"cross","level_control_all","regionB","sub-09",0.386242534912415,0.414189445123376,"mean control coupling (all eligible)"
"cross","level_control_all","regionB","sub-10",0.452588495062184,0.414189445123376,"mean control coupling (all eligible)"
"cross","level_control_all","regionB","sub-11",0.419933213512762,0.414189445123376,"mean control coupling (all eligible)"
"cross","level_control_all","regionB","sub-12",0.375330349493115,0.414189445123376,"mean control coupling (all eligible)"
"cross","level_control_all","regionC","sub-01",0.0206376342908839,-0.000763168784287181,"mean control coupling (all eligible)"
"cross","level_control_all","regionC","sub-02",-0.00484343439154852,-0.000763168784287181,"mean control coupling (all eligible)"
"cross","level_control_all","regionC","sub-03",0.00576260628624569,-0.000763168784287181,"mean control coupling (all eligible)"
"cross","level_control_all","regionC","sub-04",-0.0148124078082862,-0.000763168784287181,"mean control coupling (all eligible)"
"cross","level_control_all","regionC","sub-05",-0.0126437009669488,-0.000763168784287181,"mean control coupling (all eligible)"
"cross","level_control_all","regionC","sub-06",0.0175655627912199,-0.000763168784287181,"mean control coupling (all eligible)"
"cross","level_control_all","regionC","sub-07",0.0102930126553782,-0.000763168784287181,"mean control coupling (all eligible)"
"cross","level_control_all","regionC","sub-08",-0.011905668376371,-0.000763168784287181,"mean control coupling (all eligible)"
"cross","level_control_all","regionC","sub-09",-0.00806634615198242,-0.000763168784287181,"mean control coupling (all eligible)"
"cross","level_control_all","regionC","sub-10",-0.00118148055742789,-0.000763168784287181,"mean control coupling (all eligible)"
"cross","level_control_all","regionC","sub-11",-0.00489949723091306,-0.000763168784287181,"mean control coupling (all eligible)"
"cross","level_control_all","regionC","sub-12",0.0166256740994397,-0.000763168784287181,"mean control coupling (all eligible)"
"cross","level_control_category","regionA","sub-01",0.375552223374518,0.353061495326964,"mean control coupling (category-matched)"
"cross","level_control_category","regionA","sub-02",0.360641434056791,0.353061495326964,"mean control coupling (category-matched)"
"cross","level_control_category","regionA","sub-03",0.385603465726562,0.353061495326964,"mean control coupling (category-matched)"
"cross","level_control_category","regionA","sub-04",0.362199988908167,0.353061495326964,"mean control coupling (category-matched)"
"cross","level_control_category","regionA","sub-05",0.338105869953236,0.353061495326964,"mean control coupling (category-matched)"
"cross","level_control_category","regionA","sub-06",0.374434677300191,0.353061495326964,"mean control coupling (category-matched)"
"cross","level_control_category","regionA","sub-07",0.358407888258236,0.353061495326964,"mean control coupling (category-matched)"
"cross","level_control_category","regionA","sub-08",0.338870435496054,0.353061495326964,"mean control coupling (category-matched)"
"cross","level_control_category","regionA","sub-09",0.339859001528797,0.353061495326964,"mean control coupling (category-matched)"
"cross","level_control_category","regionA","sub-10",0.351291411804558,0.353061495326964,"mean control coupling (category-matched)"
"cross","level_control_category","regionA","sub-11",0.340461168158222,0.353061495326964,"mean control coupling (category-matched)"
"cross","level_control_category","regionA","sub-12",0.341901416985703,0.353061495326964,"mean control coupling (category-matched)"
"cross","level_control_category","regionB","sub-01",1.41506420075127,1.43936279192039,"mean control coupling (category-matched)"
"cross","level_control_category","regionB","sub-02",1.40939727434565,1.43936279192039,"mean control coupling (category-matched)"
"cross","level_control_category","regionB","sub-03",1.47288053359569,1.43936279192039,"mean control coupling (category-matched)"
"cross","level_control_category","regionB","sub-04",1.46769415265614,1.43936279192039,"mean control coupling (category-matched)"
"cross","level_control_category","regionB","sub-05",1.43953181782478,1.43936279192039,"mean control coupling (category-matched)"
"cross","level_control_category","regionB","sub-06",1.44420512861052,1.43936279192039,"mean control coupling (category-matched)"
"cross","level_control_category","regionB","sub-07",1.44337344060167,1.43936279192039,"mean control coupling (category-matched)"
"cross","level_control_category","regionB","sub-08",1.4902407363642,1.43936279192039,"mean control coupling (category-matched)"
"cross","level_control_category","regionB","sub-09",1.42495844664454,1.43936279192039,"mean control coupling (category-matched)"
"cross","level_control_category","regionB","sub-10",1.4887013752674,1.43936279192039,"mean control coupling (category-matched)"
"cross","level_control_category","regionB","sub-11",1.45700726692768,1.43936279192039,"mean control coupling (category-matched)"
"cross","level_control_category","regionB","sub-12",1.43109994484821,1.43936279192039,"mean control coupling (category-matched)"
"cross","level_control_category","regionC","sub-01",0.0254336190432611,-0.00242614995507854,"mean control coupling (category-matched)"
"cross","level_control_category","regionC","sub-02",-0.011337416631343,-0.00242614995507854,"mean control coupling (category-matched)"
"cross","level_control_category","regionC","sub-03",0.00270152939355744,-0.00242614995507854,"mean control coupling (category-matched)"
"cross","level_control_category","regionC","sub-04",-0.0145656679204374,-0.00242614995507854,"mean control coupling (category-matched)"
"cross","level_control_category","regionC","sub-05",-0.0122242281204589,-0.00242614995507854,"mean control coupling (category-matched)"
"cross","level_control_category","regionC","sub-06",0.0202484577490048,-0.00242614995507854,"mean control coupling (category-matched)"
"cross","level_control_category","regionC","sub-07",0.0081370820982753,-0.00242614995507854,"mean control coupling (category-matched)"
"cross","level_control_category","regionC","sub-08",-0.0137426753562826,-0.00242614995507854,"mean control coupling (category-matched)"
"cross","level_control_category","regionC","sub-09",-0.00947874852239498,-0.00242614995507854,"mean control coupling (category-matched)"
"cross","level_control_category","regionC","sub-10",0.00165282604548789,-0.00242614995507854,"mean control coupling (category-matched)"
"cross","level_control_category","regionC","sub-11",-0.00832375653329582,-0.00242614995507854,"mean control coupling (category-matched)"
"cross","level_control_category","regionC","sub-12",0.0149801318664292,-0.00242614995507854,"mean control coupling (category-matched)"
"cross","level_match","regionA","sub-01",0.915165339764197,0.880794375755597,"mean match coupling"
"cross","level_match","regionA","sub-02",0.860126989222784,0.880794375755597,"mean match coupling"
"cross","level_match","regionA","sub-03",0.948316303972297,0.880794375755597,"mean match coupling"
"cross","level_match","regionA","sub-04",0.832680371767133,0.880794375755597,"mean match coupling"
"cross","level_match","regionA","sub-05",0.864157137220905,0.880794375755597,"mean match coupling"
"cross","level_match","regionA","sub-06",0.883638956899538,0.880794375755597,"mean match coupling"
"cross","level_match","regionA","sub-07",0.868039583581301,0.880794375755597,"mean match coupling"
"cross","level_match","regionA","sub-08",0.85500031743261,0.880794375755597,"mean match coupling"
"cross","level_match","regionA","sub-09",0.861330690646747,0.880794375755597,"mean match coupling"
"cross","level_match","regionA","sub-10",0.899169500795599,0.880794375755597,"mean match coupling"
"cross","level_match","regionA","sub-11",0.885783715028334,0.880794375755597,"mean match coupling"
"cross","level_match","regionA","sub-12",0.919818955116406,0.880794375755597,"mean match coupling"
"cross","level_match","regionB","sub-01",1.4250009294844,1.43698396237191,"mean match coupling"
"cross","level_match","regionB","sub-02",1.40890122927045,1.43698396237191,"mean match coupling"
"cross","level_match","regionB","sub-03",1.51492819840495,1.43698396237191,"mean match coupling"
"cross","level_match","regionB","sub-04",1.47418319299184,1.43698396237191,"mean match coupling"
"cross","level_match","regionB","sub-05",1.4213480457845,1.43698396237191,"mean match coupling"
"cross","level_match","regionB","sub-06",1.40809291137932,1.43698396237191,"mean match coupling"
"cross","level_match","regionB","sub-07",1.41276405200033,1.43698396237191,"mean match coupling"
"cross","level_match","regionB","sub-08",1.49703247848562,1.43698396237191,"mean match coupling"
"cross","level_match","regionB","sub-09",1.41225288558721,1.43698396237191,"mean match coupling"
"cross","level_match","regionB","sub-10",1.47670197571746,1.43698396237191,"mean match coupling"
"cross","level_match","regionB","sub-11",1.41586662442205,1.43698396237191,"mean match coupling"
"cross","level_match","regionB","sub-12",1.43097628943635,1.43698396237191,"mean match coupling"
"cross","level_match","regionC","sub-01",0.0125098675469624,0.00620193477322063,"mean match coupling"
"cross","level_match","regionC","sub-02",0.00211450655010329,0.00620193477322063,"mean match coupling"
"cross","level_match","regionC","sub-03",0.0216214539222472,0.00620193477322063,"mean match coupling"
"cross","level_match","regionC","sub-04",0.0114726173851532,0.00620193477322063,"mean match coupling"
"cross","level_match","regionC","sub-05",0.00380226236841544,0.00620193477322063,"mean match coupling"
"cross","level_match","regionC","sub-06",0.0384233372225621,0.00620193477322063,"mean match coupling"
"cross","level_match","regionC","sub-07",-0.0172382425661806,0.00620193477322063,"mean match coupling"
"cross","level_match","regionC","sub-08",-0.0186035000361554,0.00620193477322063,"mean match coupling"
"cross","level_match","regionC","sub-09",-0.0267481730384381,0.00620193477322063,"mean match coupling"
"cross","level_match","regionC","sub-10",0.0203143804651424,0.00620193477322063,"mean match coupling"
"cross","level_match","regionC","sub-11",-0.00642786759578474,0.00620193477322063,"mean match coupling"
"cross","level_match","regionC","sub-12",0.0366471073047671,0.00620193477322063,"mean match coupling"
"cross","lm_match","regionA","sub-01",0.553784485146674,0.534134251629972,"match coefficient adjusting for same_category"
"cross","lm_match","regionA","sub-02",0.505962305655435,0.534134251629972,"match coefficient adjusting for same_category"
"cross","lm_match","regionA","sub-03",0.558184413186095,0.534134251629972,"match coefficient adjusting for same_category"
"cross","lm_match","regionA","sub-04",0.486436428769544,0.534134251629972,"match coefficient adjusting for same_category"
"cross","lm_match","regionA","sub-05",0.530132770746501,0.534134251629972,"match coefficient adjusting for same_category"
"cross","lm_match","regionA","sub-06",0.516648348189348,0.534134251629972,"match coefficient adjusting for same_category"
"cross","lm_match","regionA","sub-07",0.524220778866625,0.534134251629972,"match coefficient adjusting for same_category"
"cross","lm_match","regionA","sub-08",0.513858999159494,0.534134251629972,"match coefficient adjusting for same_category"
"cross","lm_match","regionA","sub-09",0.523445621287854,0.534134251629972,"match coefficient adjusting for same_category"
"cross","lm_match","regionA","sub-10",0.546067503540336,0.534134251629972,"match coefficient adjusting for same_category"
"cross","lm_match","regionA","sub-11",0.551433732650689,0.534134251629972,"match coefficient adjusting for same_category"
"cross","lm_match","regionA","sub-12",0.58440353547616,0.534134251629972,"match coefficient adjusting for same_category"
"cross","lm_match","regionB","sub-01",0.00386967361838488,-0.00419303351478929,"match coefficient adjusting for same_category"
"cross","lm_match","regionB","sub-02",0.000583724054277873,-0.00419303351478929,"match coefficient adjusting for same_category"
"cross","lm_match","regionB","sub-03",0.0238810576938016,-0.00419303351478929,"match coefficient adjusting for same_category"
"cross","lm_match","regionB","sub-04",0.00859164737132069,-0.00419303351478929,"match coefficient adjusting for same_category"
"cross","lm_match","regionB","sub-05",-0.0142623362031244,-0.00419303351478929,"match coefficient adjusting for same_category"
"cross","lm_match","regionB","sub-06",-0.0337321563617674,-0.00419303351478929,"match coefficient adjusting for same_category"
"cross","lm_match","regionB","sub-07",-0.0332352435801972,-0.00419303351478929,"match coefficient adjusting for same_category"
"cross","lm_match","regionB","sub-08",0.010617776213515,-0.00419303351478929,"match coefficient adjusting for same_category"
"cross","lm_match","regionB","sub-09",-0.0101433585731672,-0.00419303351478929,"match coefficient adjusting for same_category"
"cross","lm_match","regionB","sub-10",-0.00706273532384616,-0.00419303351478929,"match coefficient adjusting for same_category"
"cross","lm_match","regionB","sub-11",-0.0388093642848411,-0.00419303351478929,"match coefficient adjusting for same_category"
"cross","lm_match","regionB","sub-12",-0.0068665559003122,-0.00419303351478929,"match coefficient adjusting for same_category"
"cross","lm_match","regionC","sub-01",8.85735600974037e-05,0.00853811894289986,"match coefficient adjusting for same_category"
"cross","lm_match","regionC","sub-02",0.0135737308658706,0.00853811894289986,"match coefficient adjusting for same_category"
"cross","lm_match","regionC","sub-03",0.0171623492910684,0.00853811894289986,"match coefficient adjusting for same_category"
"cross","lm_match","regionC","sub-04",0.026297395712963,0.00853811894289986,"match coefficient adjusting for same_category"
"cross","lm_match","regionC","sub-05",0.015857239192602,0.00853811894289986,"match coefficient adjusting for same_category"
"cross","lm_match","regionC","sub-06",0.0264130904411127,0.00853811894289986,"match coefficient adjusting for same_category"
"cross","lm_match","regionC","sub-07",-0.0251774978812628,0.00853811894289986,"match coefficient adjusting for same_category"
"cross","lm_match","regionC","sub-08",-0.00529814188058143,0.00853811894289986,"match coefficient adjusting for same_category"
"cross","lm_match","regionC","sub-09",-0.0139116140173838,0.00853811894289986,"match coefficient adjusting for same_category"
"cross","lm_match","regionC","sub-10",0.0187791295939287,0.00853811894289986,"match coefficient adjusting for same_category"
"cross","lm_match","regionC","sub-11",0.00332112523075356,0.00853811894289986,"match coefficient adjusting for same_category"
"cross","lm_match","regionC","sub-12",0.0227688194787911,0.00853811894289986,"match coefficient adjusting for same_category"
"cross","lm_match_depth","regionA","sub-01",0.214290164086689,0.215401239653728,"study-duration slope on matched pairs"
"cross","lm_match_depth","regionA","sub-02",0.21257054853029,0.215401239653728,"study-duration slope on matched pairs"
"cross","lm_match_depth","regionA","sub-03",0.248516232706594,0.215401239653728,"study-duration slope on matched pairs"
"cross","lm_match_depth","regionA","sub-04",0.224817769534004,0.215401239653728,"study-duration slope on matched pairs"
"cross","lm_match_depth","regionA","sub-05",0.216915897700889,0.215401239653728,"study-duration slope on matched pairs"
"cross","lm_match_depth","regionA","sub-06",0.180661507665781,0.215401239653728,"study-duration slope on matched pairs"
"cross","lm_match_depth","regionA","sub-07",0.219111644293675,0.215401239653728,"study-duration slope on matched pairs"
"cross","lm_match_depth","regionA","sub-08",0.206548906206377,0.215401239653728,"study-duration slope on matched pairs"
"cross","lm_match_depth","regionA","sub-09",0.259370152686243,0.215401239653728,"study-duration slope on matched pairs"
"cross","lm_match_depth","regionA","sub-10",0.230064761160279,0.215401239653728,"study-duration slope on matched pairs"
"cross","lm_match_depth","regionA","sub-11",0.229699535097331,0.215401239653728,"study-duration slope on matched pairs"
"cross","lm_match_depth","regionA","sub-12",0.204952476980514,0.215401239653728,"study-duration slope on matched pairs"
"cross","lm_match_depth","regionB","sub-01",0.081181498059643,0.0601885714565924,"study-duration slope on matched pairs"
"cross","lm_match_depth","regionB","sub-02",0.0363701305336972,0.0601885714565924,"study-duration slope on matched pairs"
"cross","lm_match_depth","regionB","sub-03",0.0748706577095091,0.0601885714565924,"study-duration slope on matched pairs"
"cross","lm_match_depth","regionB","sub-04",0.0695999941168296,0.0601885714565924,"study-duration slope on matched pairs"
"cross","lm_match_depth","regionB","sub-05",0.0428796453975545,0.0601885714565924,"study-duration slope on matched pairs"
"cross","lm_match_depth","regionB","sub-06",-0.0309053242024974,0.0601885714565924,"study-duration slope on matched pairs"
"cross","lm_match_depth","regionB","sub-07",0.143574839521712,0.0601885714565924,"study-duration slope on matched pairs"
"cross","lm_match_depth","regionB","sub-08",-0.0136280218424851,0.0601885714565924,"study-duration slope on matched pairs"
"cross","lm_match_depth","regionB","sub-09",0.069817563144074,0.0601885714565924,"study-duration slope on matched pairs"
"cross","lm_match_depth","regionB","sub-10",0.0502271800993719,0.0601885714565924,"study-duration slope on matched pairs"
"cross","lm_match_depth","regionB","sub-11",0.0538950732352199,0.0601885714565924,"study-duration slope on matched pairs"
"cross","lm_match_depth","regionB","sub-12",0.0753353155577956,0.0601885714565924,"study-duration slope on matched pairs"
"cross","lm_match_depth","regionC","sub-01",-0.00893754908154962,-0.00438925495831137,"study-duration slope on matched pairs"
"cross","lm_match_depth","regionC","sub-02",0.0181269910638032,-0.00438925495831137,"study-duration slope on matched pairs"
"cross","lm_match_depth","regionC","sub-03",0.0225228104571345,-0.00438925495831137,"study-duration slope on matched pairs"
"cross","lm_match_depth","regionC","sub-04",-0.0105292829115347,-0.00438925495831137,"study-duration slope on matched pairs"
"cross","lm_match_depth","regionC","sub-05",0.0393954817502456,-0.00438925495831137,"study-duration slope on matched pairs"
"cross","lm_match_depth","regionC","sub-06",-0.0176393350698803,-0.00438925495831137,"study-duration slope on matched pairs"
"cross","lm_match_depth","regionC","sub-07",0.0182659975026317,-0.00438925495831137,"study-duration slope on matched pairs"
"cross","lm_match_depth","regionC","sub-08",-0.0525465058236067,-0.00438925495831137,"study-duration slope on matched pairs"
"cross","lm_match_depth","regionC","sub-09",0.0149086555612827,-0.00438925495831137,"study-duration slope on matched pairs"
"cross","lm_match_depth","regionC","sub-10",-0.0160114649178418,-0.00438925495831137,"study-duration slope on matched pairs"
"cross","lm_match_depth","regionC","sub-11",0.017077769774223,-0.00438925495831137,"study-duration slope on matched pairs"
"cross","lm_match_depth","regionC","sub-12",-0.023739402641252,-0.00438925495831137,"study-duration slope on matched pairs"
"cross","match_control_all","regionA","sub-01",0.830752651511654,0.803817171124663,"match coefficient, item nuisance adjusted"
"cross","match_control_all","regionA","sub-02",0.774184842956811,0.803817171124663,"match coefficient, item nuisance adjusted"
"cross","match_control_all","regionA","sub-03",0.826563256839214,0.803817171124663,"match coefficient, item nuisance adjusted"
"cross","match_control_all","regionA","sub-04",0.759303124452648,0.803817171124663,"match coefficient, item nuisance adjusted"
"cross","match_control_all","regionA","sub-05",0.799835916808044,0.803817171124663,"match coefficient, item nuisance adjusted"
"cross","match_control_all","regionA","sub-06",0.792060823583985,0.803817171124663,"match coefficient, item nuisance adjusted"
"cross","match_control_all","regionA","sub-07",0.80501587478669,0.803817171124663,"match coefficient, item nuisance adjusted"
"cross","match_control_all","regionA","sub-08",0.788967406624454,0.803817171124663,"match coefficient, item nuisance adjusted"
"cross","match_control_all","regionA","sub-09",0.784166165594345,0.803817171124663,"match coefficient, item nuisance adjusted"
"cross","match_control_all","regionA","sub-10",0.819384516063016,0.803817171124663,"match coefficient, item nuisance adjusted"
"cross","match_control_all","regionA","sub-11",0.819977053323991,0.803817171124663,"match coefficient, item nuisance adjusted"
"cross","match_control_all","regionA","sub-12",0.845504684835775,0.803817171124663,"match coefficient, item nuisance adjusted"
"cross","match_control_all","regionB","sub-01",1.07303301705317,1.03884177959507,"match coefficient, item nuisance adjusted"
"cross","match_control_all","regionB","sub-02",1.0501495022408,1.03884177959507,"match coefficient, item nuisance adjusted"
"cross","match_control_all","regionB","sub-03",1.08301603854908,1.03884177959507,"match coefficient, item nuisance adjusted"
"cross","match_control_all","regionB","sub-04",1.07461773323131,1.03884177959507,"match coefficient, item nuisance adjusted"
"cross","match_control_all","regionB","sub-05",0.993761575639947,1.03884177959507,"match coefficient, item nuisance adjusted"
"cross","match_control_all","regionB","sub-06",1.00343038714813,1.03884177959507,"match coefficient, item nuisance adjusted"
"cross","match_control_all","regionB","sub-07",1.01576987809421,1.03884177959507,"match coefficient, item nuisance adjusted"
"cross","match_control_all","regionB","sub-08",1.07191868619791,1.03884177959507,"match coefficient, item nuisance adjusted"
"cross","match_control_all","regionB","sub-09",1.0464664844614,1.03884177959507,"match coefficient, item nuisance adjusted"
"cross","match_control_all","regionB","sub-10",1.04678913520974,1.03884177959507,"match coefficient, item nuisance adjusted"
"cross","match_control_all","regionB","sub-11",1.01614082747966,1.03884177959507,"match coefficient, item nuisance adjusted"
"cross","match_control_all","regionB","sub-12",1.06752299315405,1.03884177959507,"match coefficient, item nuisance adjusted"
"cross","match_control_all","regionC","sub-01",0.00436599966395421,0.00685046021587045,"match coefficient, item nuisance adjusted"
"cross","match_control_all","regionC","sub-02",0.00696150349200234,0.00685046021587045,"match coefficient, item nuisance adjusted"
"cross","match_control_all","regionC","sub-03",0.0141294652956223,0.00685046021587045,"match coefficient, item nuisance adjusted"
"cross","match_control_all","regionC","sub-04",0.0265364323430347,0.00685046021587045,"match coefficient, item nuisance adjusted"
"cross","match_control_all","regionC","sub-05",0.0162918127842344,0.00685046021587045,"match coefficient, item nuisance adjusted"
"cross","match_control_all","regionC","sub-06",0.0287615518563133,0.00685046021587045,"match coefficient, item nuisance adjusted"
"cross","match_control_all","regionC","sub-07",-0.027379962576729,0.00685046021587045,"match coefficient, item nuisance adjusted"
"cross","match_control_all","regionC","sub-08",-0.00714678171213502,0.00685046021587045,"match coefficient, item nuisance adjusted"
"cross","match_control_all","regionC","sub-09",-0.0155037833883774,0.00685046021587045,"match coefficient, item nuisance adjusted"
"cross","match_control_all","regionC","sub-10",0.02165714902005,0.00685046021587045,"match coefficient, item nuisance adjusted"
"cross","match_control_all","regionC","sub-11",-0.000228421171358014,0.00685046021587045,"match coefficient, item nuisance adjusted"
"cross","match_control_all","regionC","sub-12",0.0210437895057652,0.00685046021587045,"match coefficient, item nuisance adjusted"
"cross","match_control_category","regionA","sub-01",0.531538712130387,0.518430645664594,"match coefficient, category-matched, encoding nuisance"
"cross","match_control_category","regionA","sub-02",0.483678715359311,0.518430645664594,"match coefficient, category-matched, encoding nuisance"
"cross","match_control_category","regionA","sub-03",0.542318026055066,0.518430645664594,"match coefficient, category-matched, encoding nuisance"
"cross","match_control_category","regionA","sub-04",0.462445821453352,0.518430645664594,"match coefficient, category-matched, encoding nuisance"
"cross","match_control_category","regionA","sub-05",0.525465483782512,0.518430645664594,"match coefficient, category-matched, encoding nuisance"
"cross","match_control_category","regionA","sub-06",0.494145366270253,0.518430645664594,"match coefficient, category-matched, encoding nuisance"
"cross","match_control_category","regionA","sub-07",0.512129416814604,0.518430645664594,"match coefficient, category-matched, encoding nuisance"
"cross","match_control_category","regionA","sub-08",0.500900213801782,0.518430645664594,"match coefficient, category-matched, encoding nuisance"
"cross","match_control_category","regionA","sub-09",0.509003655806851,0.518430645664594,"match coefficient, category-matched, encoding nuisance"
"cross","match_control_category","regionA","sub-10",0.537417648044658,0.518430645664594,"match coefficient, category-matched, encoding nuisance"
"cross","match_control_category","regionA","sub-11",0.53332721716217,0.518430645664594,"match coefficient, category-matched, encoding nuisance"
"cross","match_control_category","regionA","sub-12",0.567136992939811,0.518430645664594,"match coefficient, category-matched, encoding nuisance"
"cross","match_control_category","regionB","sub-01",0.0107545094268288,0.000682399034308074,"match coefficient, category-matched, encoding nuisance"
"cross","match_control_category","regionB","sub-02",0.00644400738956235,0.000682399034308074,"match coefficient, category-matched, encoding nuisance"
"cross","match_control_category","regionB","sub-03",0.0314892711547896,0.000682399034308074,"match coefficient, category-matched, encoding nuisance"
"cross","match_control_category","regionB","sub-04",0.0322184378811825,0.000682399034308074,"match coefficient, category-matched, encoding nuisance"
"cross","match_control_category","regionB","sub-05",-0.0284975035747427,0.000682399034308074,"match coefficient, category-matched, encoding nuisance"
"cross","match_control_category","regionB","sub-06",-0.0239596135592621,0.000682399034308074,"match coefficient, category-matched, encoding nuisance"
"cross","match_control_category","regionB","sub-07",-0.00404912630601702,0.000682399034308074,"match coefficient, category-matched, encoding nuisance"
"cross","match_control_category","regionB","sub-08",-0.00326980103027302,0.000682399034308074,"match coefficient, category-matched, encoding nuisance"
"cross","match_control_category","regionB","sub-09",-0.00504336173502425,0.000682399034308074,"match coefficient, category-matched, encoding nuisance"
"cross","match_control_category","regionB","sub-10",0.00833130386555392,0.000682399034308074,"match coefficient, category-matched, encoding nuisance"
"cross","match_control_category","regionB","sub-11",-0.0250477863728656,0.000682399034308074,"match coefficient, category-matched, encoding nuisance"
"cross","match_control_category","regionB","sub-12",-0.00293437602239938,0.000682399034308074,"match coefficient, category-matched, encoding nuisance"
"cross","match_control_category","regionC","sub-01",-0.00746023263910775,0.00851666076113455,"match coefficient, category-matched, encoding nuisance"
"cross","match_control_category","regionC","sub-02",0.00485813054316684,0.00851666076113455,"match coefficient, category-matched, encoding nuisance"
"cross","match_control_category","regionC","sub-03",0.0159588402663598,0.00851666076113455,"match coefficient, category-matched, encoding nuisance"
"cross","match_control_category","regionC","sub-04",0.0308596735672729,0.00851666076113455,"match coefficient, category-matched, encoding nuisance"
"cross","match_control_category","regionC","sub-05",0.0191330582062971,0.00851666076113455,"match coefficient, category-matched, encoding nuisance"
"cross","match_control_category","regionC","sub-06",0.0258145547134363,0.00851666076113455,"match coefficient, category-matched, encoding nuisance"
"cross","match_control_category","regionC","sub-07",-0.0287569956927138,0.00851666076113455,"match coefficient, category-matched, encoding nuisance"
"cross","match_control_category","regionC","sub-08",-0.00604706175172077,0.00851666076113455,"match coefficient, category-matched, encoding nuisance"
"cross","match_control_category","regionC","sub-09",-0.0139913991567128,0.00851666076113455,"match coefficient, category-matched, encoding nuisance"
"cross","match_control_category","regionC","sub-10",0.0155105647116264,0.00851666076113455,"match coefficient, category-matched, encoding nuisance"
"cross","match_control_category","regionC","sub-11",0.00647782805955574,0.00851666076113455,"match coefficient, category-matched, encoding nuisance"
"cross","match_control_category","regionC","sub-12",0.0315662345620015,0.00851666076113455,"match coefficient, category-matched, encoding nuisance"
"same","contrast_all","regionA","sub-01",1.05268143688819,1.03721207862485,"match - control, all eligible pairs"
"same","contrast_all","regionA","sub-02",1.00287352021942,1.03721207862485,"match - control, all eligible pairs"
"same","contrast_all","regionA","sub-03",1.06290878598849,1.03721207862485,"match - control, all eligible pairs"
"same","contrast_all","regionA","sub-04",1.01109083131224,1.03721207862485,"match - control, all eligible pairs"
"same","contrast_all","regionA","sub-05",1.05688604923528,1.03721207862485,"match - control, all eligible pairs"
"same","contrast_all","regionA","sub-06",1.05381453449762,1.03721207862485,"match - control, all eligible pairs"
"same","contrast_all","regionA","sub-07",1.03043127849135,1.03721207862485,"match - control, all eligible pairs"
"same","contrast_all","regionA","sub-08",1.06104719504026,1.03721207862485,"match - control, all eligible pairs"
"same","contrast_all","regionA","sub-09",1.03986703377148,1.03721207862485,"match - control, all eligible pairs"
"same","contrast_all","regionA","sub-10",1.03823699397213,1.03721207862485,"match - control, all eligible pairs"
"same","contrast_all","regionA","sub-11",1.0412430807548,1.03721207862485,"match - control, all eligible pairs"
"same","contrast_all","regionA","sub-12",1.04953169934047,1.03721207862485,"match - control, all eligible pairs"
"same","contrast_all","regionB","sub-01",1.29706292105318,1.27942208408002,"match - control, all eligible pairs"
"same","contrast_all","regionB","sub-02",1.2764047311631,1.27942208408002,"match - control, all eligible pairs"
"same","contrast_all","regionB","sub-03",1.34777542646862,1.27942208408002,"match - control, all eligible pairs"
"same","contrast_all","regionB","sub-04",1.29767549641692,1.27942208408002,"match - control, all eligible pairs"
"same","contrast_all","regionB","sub-05",1.25075922418171,1.27942208408002,"match - control, all eligible pairs"
"same","contrast_all","regionB","sub-06",1.23447944242886,1.27942208408002,"match - control, all eligible pairs"
"same","contrast_all","regionB","sub-07",1.25482216383711,1.27942208408002,"match - control, all eligible pairs"
"same","contrast_all","regionB","sub-08",1.29580747930041,1.27942208408002,"match - control, all eligible pairs"
"same","contrast_all","regionB","sub-09",1.28578884553915,1.27942208408002,"match - control, all eligible pairs"
"same","contrast_all","regionB","sub-10",1.2565021544409,1.27942208408002,"match - control, all eligible pairs"
"same","contrast_all","regionB","sub-11",1.29202979276155,1.27942208408002,"match - control, all eligible pairs"
"same","contrast_all","regionB","sub-12",1.28382675957961,1.27942208408002,"match - control, all eligible pairs"
"same","contrast_all","regionC","sub-01",0.244161770999248,0.252443476866292,"match - control, all eligible pairs"
"same","contrast_all","regionC","sub-02",0.25542819857688,0.252443476866292,"match - control, all eligible pairs"
"same","contrast_all","regionC","sub-03",0.276819603918233,0.252443476866292,"match - control, all eligible pairs"
"same","contrast_all","regionC","sub-04",0.246572881788503,0.252443476866292,"match - control, all eligible pairs"
"same","contrast_all","regionC","sub-05",0.249764569663959,0.252443476866292,"match - control, all eligible pairs"
"same","contrast_all","regionC","sub-06",0.271388287184812,0.252443476866292,"match - control, all eligible pairs"
"same","contrast_all","regionC","sub-07",0.259042768273399,0.252443476866292,"match - control, all eligible pairs"
"same","contrast_all","regionC","sub-08",0.270579490012267,0.252443476866292,"match - control, all eligible pairs"
"same","contrast_all","regionC","sub-09",0.235715771537079,0.252443476866292,"match - control, all eligible pairs"
"same","contrast_all","regionC","sub-10",0.250008279307021,0.252443476866292,"match - control, all eligible pairs"
"same","contrast_all","regionC","sub-11",0.267399178485769,0.252443476866292,"match - control, all eligible pairs"
"same","contrast_all","regionC","sub-12",0.2594634121594,0.252443476866292,"match - control, all eligible pairs"
"same","contrast_category","regionA","sub-01",0.78693643709865,0.770195084965142,"match - control, category-matched pairs"
"same","contrast_category","regionA","sub-02",0.740595753400514,0.770195084965142,"match - control, category-matched pairs"
"same","contrast_category","regionA","sub-03",0.794580350511236,0.770195084965142,"match - control, category-matched pairs"
"same","contrast_category","regionA","sub-04",0.742733900046618,0.770195084965142,"match - control, category-matched pairs"
"same","contrast_category","regionA","sub-05",0.791247033158506,0.770195084965142,"match - control, category-matched pairs"
"same","contrast_category","regionA","sub-06",0.775766350747193,0.770195084965142,"match - control, category-matched pairs"
"same","contrast_category","regionA","sub-07",0.753602075945746,0.770195084965142,"match - control, category-matched pairs"
"same","contrast_category","regionA","sub-08",0.796451749988362,0.770195084965142,"match - control, category-matched pairs"
"same","contrast_category","regionA","sub-09",0.777310580855762,0.770195084965142,"match - control, category-matched pairs"
"same","contrast_category","regionA","sub-10",0.77363552851355,0.770195084965142,"match - control, category-matched pairs"
"same","contrast_category","regionA","sub-11",0.776155500762514,0.770195084965142,"match - control, category-matched pairs"
"same","contrast_category","regionA","sub-12",0.786718615967119,0.770195084965142,"match - control, category-matched pairs"
"same","contrast_category","regionB","sub-01",0.247740679722233,0.255480619476484,"match - control, category-matched pairs"
"same","contrast_category","regionB","sub-02",0.251715640435523,0.255480619476484,"match - control, category-matched pairs"
"same","contrast_category","regionB","sub-03",0.313412944832386,0.255480619476484,"match - control, category-matched pairs"
"same","contrast_category","regionB","sub-04",0.251310494608815,0.255480619476484,"match - control, category-matched pairs"
"same","contrast_category","regionB","sub-05",0.264916270888289,0.255480619476484,"match - control, category-matched pairs"
"same","contrast_category","regionB","sub-06",0.220753707776218,0.255480619476484,"match - control, category-matched pairs"
"same","contrast_category","regionB","sub-07",0.229890213645675,0.255480619476484,"match - control, category-matched pairs"
"same","contrast_category","regionB","sub-08",0.265751098611464,0.255480619476484,"match - control, category-matched pairs"
"same","contrast_category","regionB","sub-09",0.251993156073802,0.255480619476484,"match - control, category-matched pairs"
"same","contrast_category","regionB","sub-10",0.221298618156837,0.255480619476484,"match - control, category-matched pairs"
"same","contrast_category","regionB","sub-11",0.259545416334084,0.255480619476484,"match - control, category-matched pairs"
"same","contrast_category","regionB","sub-12",0.229655930911614,0.255480619476484,"match - control, category-matched pairs"
"same","contrast_category","regionC","sub-01",0.244665434535095,0.251114845203246,"match - control, category-matched pairs"
"same","contrast_category","regionC","sub-02",0.251316706890559,0.251114845203246,"match - control, category-matched pairs"
"same","contrast_category","regionC","sub-03",0.269629258648594,0.251114845203246,"match - control, category-matched pairs"
"same","contrast_category","regionC","sub-04",0.252890968250966,0.251114845203246,"match - control, category-matched pairs"
"same","contrast_category","regionC","sub-05",0.242063363432595,0.251114845203246,"match - control, category-matched pairs"
"same","contrast_category","regionC","sub-06",0.270415334929409,0.251114845203246,"match - control, category-matched pairs"
"same","contrast_category","regionC","sub-07",0.272338885946368,0.251114845203246,"match - control, category-matched pairs"
"same","contrast_category","regionC","sub-08",0.272570922703424,0.251114845203246,"match - control, category-matched pairs"
"same","contrast_category","regionC","sub-09",0.232432117981666,0.251114845203246,"match - control, category-matched pairs"
"same","contrast_category","regionC","sub-10",0.247847164656207,0.251114845203246,"match - control, category-matched pairs"
"same","contrast_category","regionC","sub-11",0.258705963166878,0.251114845203246,"match - control, category-matched pairs"
"same","contrast_category","regionC","sub-12",0.257516693657834,0.251114845203246,"match - control, category-matched pairs"
"same","level_baseline","regionA","sub-01",0.124202699780564,0.110775460654838,"mean coupling over every eligible pair"
"same","level_baseline","regionA","sub-02",0.129334610474882,0.110775460654838,"mean coupling over every eligible pair"
"same","level_baseline","regionA","sub-03",0.160306691275814,0.110775460654838,"mean coupling over every eligible pair"
"same","level_baseline","regionA","sub-04",0.137294533374778,0.110775460654838,"mean coupling over every eligible pair"
"same","level_baseline","regionA","sub-05",0.109782831195274,0.110775460654838,"mean coupling over every eligible pair"
"same","level_baseline","regionA","sub-06",0.134853131293746,0.110775460654838,"mean coupling over every eligible pair"
"same","level_baseline","regionA","sub-07",0.135821581571193,0.110775460654838,"mean coupling over every eligible pair"
"same","level_baseline","regionA","sub-08",0.106527879754267,0.110775460654838,"mean coupling over every eligible pair"
"same","level_baseline","regionA","sub-09",0.14043228442577,0.110775460654838,"mean coupling over every eligible pair"
"same","level_baseline","regionA","sub-10",0.129325393050174,0.110775460654838,"mean coupling over every eligible pair"
"same","level_baseline","regionA","sub-11",0.117852293578705,0.110775460654838,"mean coupling over every eligible pair"
"same","level_baseline","regionA","sub-12",0.11373809759157,0.110775460654838,"mean coupling over every eligible pair"
"same","level_baseline","regionB","sub-01",0.421619781491993,0.442222247453257,"mean coupling over every eligible pair"
"same","level_baseline","regionB","sub-02",0.41991829225536,0.442222247453257,"mean coupling over every eligible pair"
"same","level_baseline","regionB","sub-03",0.472530375804743,0.442222247453257,"mean coupling over every eligible pair"
"same","level_baseline","regionB","sub-04",0.459676410623333,0.442222247453257,"mean coupling over every eligible pair"
"same","level_baseline","regionB","sub-05",0.48481484738025,0.442222247453257,"mean coupling over every eligible pair"
"same","level_baseline","regionB","sub-06",0.472991998268081,0.442222247453257,"mean coupling over every eligible pair"
"same","level_baseline","regionB","sub-07",0.453394868164001,0.442222247453257,"mean coupling over every eligible pair"
"same","level_baseline","regionB","sub-08",0.48336711996726,0.442222247453257,"mean coupling over every eligible pair"
"same","level_baseline","regionB","sub-09",0.440962441880275,0.442222247453257,"mean coupling over every eligible pair"
"same","level_baseline","regionB","sub-10",0.485658480241163,0.442222247453257,"mean coupling over every eligible pair"
"same","level_baseline","regionB","sub-11",0.440612019097991,0.442222247453257,"mean coupling over every eligible pair"
"same","level_baseline","regionB","sub-12",0.431991552968021,0.442222247453257,"mean coupling over every eligible pair"
"same","level_baseline","regionC","sub-01",0.0418808729324301,0.00687067975359637,"mean coupling over every eligible pair"
"same","level_baseline","regionC","sub-02",0.0362385263981729,0.00687067975359637,"mean coupling over every eligible pair"
"same","level_baseline","regionC","sub-03",0.0139034480045466,0.00687067975359637,"mean coupling over every eligible pair"
"same","level_baseline","regionC","sub-04",0.031227698134107,0.00687067975359637,"mean coupling over every eligible pair"
"same","level_baseline","regionC","sub-05",0.0283897492685659,0.00687067975359637,"mean coupling over every eligible pair"
"same","level_baseline","regionC","sub-06",0.0349555213030689,0.00687067975359637,"mean coupling over every eligible pair"
"same","level_baseline","regionC","sub-07",0.0288584215898896,0.00687067975359637,"mean coupling over every eligible pair"
"same","level_baseline","regionC","sub-08",0.0147361133755144,0.00687067975359637,"mean coupling over every eligible pair"
"same","level_baseline","regionC","sub-09",0.032889501219501,0.00687067975359637,"mean coupling over every eligible pair"
"same","level_baseline","regionC","sub-10",0.0166544205581787,0.00687067975359637,"mean coupling over every eligible pair"
"same","level_baseline","regionC","sub-11",0.0295614054806837,0.00687067975359637,"mean coupling over every eligible pair"
"same","level_baseline","regionC","sub-12",0.0408411530507628,0.00687067975359637,"mean coupling over every eligible pair"
"same","level_control_all","regionA","sub-01",0.100809778960827,0.087726303352064,"mean control coupling (all eligible)"
"same","level_control_all","regionA","sub-02",0.107048532247784,0.087726303352064,"mean control coupling (all eligible)"
"same","level_control_all","regionA","sub-03",0.136686496031625,0.087726303352064,"mean control coupling (all eligible)"
"same","level_control_all","regionA","sub-04",0.114825848234506,0.087726303352064,"mean control coupling (all eligible)"
"same","level_control_all","regionA","sub-05",0.0862964745456014,0.087726303352064,"mean control coupling (all eligible)"
"same","level_control_all","regionA","sub-06",0.111435030527132,0.087726303352064,"mean control coupling (all eligible)"
"same","level_control_all","regionA","sub-07",0.11292310871583,0.087726303352064,"mean control coupling (all eligible)"
"same","level_control_all","regionA","sub-08",0.0829490531978168,0.087726303352064,"mean control coupling (all eligible)"
"same","level_control_all","regionA","sub-09",0.117324128119737,0.087726303352064,"mean control coupling (all eligible)"
"same","level_control_all","regionA","sub-10",0.106253459850794,0.087726303352064,"mean control coupling (all eligible)"
"same","level_control_all","regionA","sub-11",0.0947135584508201,0.087726303352064,"mean control coupling (all eligible)"
"same","level_control_all","regionA","sub-12",0.0904151709395595,0.087726303352064,"mean control coupling (all eligible)"
"same","level_control_all","regionB","sub-01",0.392796161024144,0.413790645584813,"mean control coupling (all eligible)"
"same","level_control_all","regionB","sub-02",0.391553742673958,0.413790645584813,"mean control coupling (all eligible)"
"same","level_control_all","regionB","sub-03",0.442579810772107,0.413790645584813,"mean control coupling (all eligible)"
"same","level_control_all","regionB","sub-04",0.430839177369624,0.413790645584813,"mean control coupling (all eligible)"
"same","level_control_all","regionB","sub-05",0.45702019795399,0.413790645584813,"mean control coupling (all eligible)"
"same","level_control_all","regionB","sub-06",0.445559121769661,0.413790645584813,"mean control coupling (all eligible)"
"same","level_control_all","regionB","sub-07",0.425509931189843,0.413790645584813,"mean control coupling (all eligible)"
"same","level_control_all","regionB","sub-08",0.454571398205029,0.413790645584813,"mean control coupling (all eligible)"
"same","level_control_all","regionB","sub-09",0.41238935642385,0.413790645584813,"mean control coupling (all eligible)"
"same","level_control_all","regionB","sub-10",0.457736210142477,0.413790645584813,"mean control coupling (all eligible)"
"same","level_control_all","regionB","sub-11",0.411900245925512,0.413790645584813,"mean control coupling (all eligible)"
"same","level_control_all","regionB","sub-12",0.403462069421807,0.413790645584813,"mean control coupling (all eligible)"
"same","level_control_all","regionC","sub-01",0.0364550557991135,0.00126082471212323,"mean control coupling (all eligible)"
"same","level_control_all","regionC","sub-02",0.0305623442075756,0.00126082471212323,"mean control coupling (all eligible)"
"same","level_control_all","regionC","sub-03",0.00775190125080806,0.00126082471212323,"mean control coupling (all eligible)"
"same","level_control_all","regionC","sub-04",0.0257483007610291,0.00126082471212323,"mean control coupling (all eligible)"
"same","level_control_all","regionC","sub-05",0.0228394254982557,0.00126082471212323,"mean control coupling (all eligible)"
"same","level_control_all","regionC","sub-06",0.0289246704767398,0.00126082471212323,"mean control coupling (all eligible)"
"same","level_control_all","regionC","sub-07",0.0231019156282585,0.00126082471212323,"mean control coupling (all eligible)"
"same","level_control_all","regionC","sub-08",0.00872323581968626,0.00126082471212323,"mean control coupling (all eligible)"
"same","level_control_all","regionC","sub-09",0.0276513729631215,0.00126082471212323,"mean control coupling (all eligible)"
"same","level_control_all","regionC","sub-10",0.0110986810180227,0.00126082471212323,"mean control coupling (all eligible)"
"same","level_control_all","regionC","sub-11",0.0236192015143333,0.00126082471212323,"mean control coupling (all eligible)"
"same","level_control_all","regionC","sub-12",0.0350752994472206,0.00126082471212323,"mean control coupling (all eligible)"
"same","level_control_category","regionA","sub-01",0.366554778750371,0.354743297011774,"mean control coupling (category-matched)"
"same","level_control_category","regionA","sub-02",0.369326299066694,0.354743297011774,"mean control coupling (category-matched)"
"same","level_control_category","regionA","sub-03",0.405014931508881,0.354743297011774,"mean control coupling (category-matched)"
"same","level_control_category","regionA","sub-04",0.383182779500124,0.354743297011774,"mean control coupling (category-matched)"
"same","level_control_category","regionA","sub-05",0.351935490622373,0.354743297011774,"mean control coupling (category-matched)"
"same","level_control_category","regionA","sub-06",0.389483214277561,0.354743297011774,"mean control coupling (category-matched)"
"same","level_control_category","regionA","sub-07",0.389752311261435,0.354743297011774,"mean control coupling (category-matched)"
"same","level_control_category","regionA","sub-08",0.347544498249712,0.354743297011774,"mean control coupling (category-matched)"
"same","level_control_category","regionA","sub-09",0.379880581035459,0.354743297011774,"mean control coupling (category-matched)"
"same","level_control_category","regionA","sub-10",0.370854925309375,0.354743297011774,"mean control coupling (category-matched)"
"same","level_control_category","regionA","sub-11",0.359801138443107,0.354743297011774,"mean control coupling (category-matched)"
"same","level_control_category","regionA","sub-12",0.353228254312906,0.354743297011774,"mean control coupling (category-matched)"
"same","level_control_category","regionB","sub-01",1.44211840235509,1.43773211018835,"mean control coupling (category-matched)"
"same","level_control_category","regionB","sub-02",1.41624283340153,1.43773211018835,"mean control coupling (category-matched)"
"same","level_control_category","regionB","sub-03",1.47694229240834,1.43773211018835,"mean control coupling (category-matched)"
"same","level_control_category","regionB","sub-04",1.47720417917773,1.43773211018835,"mean control coupling (category-matched)"
"same","level_control_category","regionB","sub-05",1.44286315124741,1.43773211018835,"mean control coupling (category-matched)"
"same","level_control_category","regionB","sub-06",1.45928485642231,1.43773211018835,"mean control coupling (category-matched)"
"same","level_control_category","regionB","sub-07",1.45044188138128,1.43773211018835,"mean control coupling (category-matched)"
"same","level_control_category","regionB","sub-08",1.48462777889397,1.43773211018835,"mean control coupling (category-matched)"
"same","level_control_category","regionB","sub-09",1.4461850458892,1.43773211018835,"mean control coupling (category-matched)"
"same","level_control_category","regionB","sub-10",1.49293974642654,1.43773211018835,"mean control coupling (category-matched)"
"same","level_control_category","regionB","sub-11",1.44438462235298,1.43773211018835,"mean control coupling (category-matched)"
"same","level_control_category","regionB","sub-12",1.45763289808981,1.43773211018835,"mean control coupling (category-matched)"
"same","level_control_category","regionC","sub-01",0.0359513922632672,0.00258945637516904,"mean control coupling (category-matched)"
"same","level_control_category","regionC","sub-02",0.0346738358938961,0.00258945637516904,"mean control coupling (category-matched)"
"same","level_control_category","regionC","sub-03",0.0149422465204463,0.00258945637516904,"mean control coupling (category-matched)"
"same","level_control_category","regionC","sub-04",0.0194302142985666,0.00258945637516904,"mean control coupling (category-matched)"
"same","level_control_category","regionC","sub-05",0.0305406317296199,0.00258945637516904,"mean control coupling (category-matched)"
"same","level_control_category","regionC","sub-06",0.0298976227321425,0.00258945637516904,"mean control coupling (category-matched)"
"same","level_control_category","regionC","sub-07",0.00980579795528955,0.00258945637516904,"mean control coupling (category-matched)"
"same","level_control_category","regionC","sub-08",0.0067318031285298,0.00258945637516904,"mean control coupling (category-matched)"
"same","level_control_category","regionC","sub-09",0.0309350265185341,0.00258945637516904,"mean control coupling (category-matched)"
"same","level_control_category","regionC","sub-10",0.0132597956688365,0.00258945637516904,"mean control coupling (category-matched)"
"same","level_control_category","regionC","sub-11",0.0323124168332238,0.00258945637516904,"mean control coupling (category-matched)"
"same","level_control_category","regionC","sub-12",0.0370220179487859,0.00258945637516904,"mean control coupling (category-matched)"
"same","level_match","regionA","sub-01",1.15349121584902,1.12493838197692,"mean match coupling"
"same","level_match","regionA","sub-02",1.10992205246721,1.12493838197692,"mean match coupling"
"same","level_match","regionA","sub-03",1.19959528202012,1.12493838197692,"mean match coupling"
"same","level_match","regionA","sub-04",1.12591667954674,1.12493838197692,"mean match coupling"
"same","level_match","regionA","sub-05",1.14318252378088,1.12493838197692,"mean match coupling"
"same","level_match","regionA","sub-06",1.16524956502475,1.12493838197692,"mean match coupling"
"same","level_match","regionA","sub-07",1.14335438720718,1.12493838197692,"mean match coupling"
"same","level_match","regionA","sub-08",1.14399624823807,1.12493838197692,"mean match coupling"
"same","level_match","regionA","sub-09",1.15719116189122,1.12493838197692,"mean match coupling"
"same","level_match","regionA","sub-10",1.14449045382293,1.12493838197692,"mean match coupling"
"same","level_match","regionA","sub-11",1.13595663920562,1.12493838197692,"mean match coupling"
"same","level_match","regionA","sub-12",1.13994687028002,1.12493838197692,"mean match coupling"
"same","level_match","regionB","sub-01",1.68985908207732,1.69321272966483,"mean match coupling"
"same","level_match","regionB","sub-02",1.66795847383705,1.69321272966483,"mean match coupling"
"same","level_match","regionB","sub-03",1.79035523724073,1.69321272966483,"mean match coupling"
"same","level_match","regionB","sub-04",1.72851467378655,1.69321272966483,"mean match coupling"
"same","level_match","regionB","sub-05",1.7077794221357,1.69321272966483,"mean match coupling"
"same","level_match","regionB","sub-06",1.68003856419853,1.69321272966483,"mean match coupling"
"same","level_match","regionB","sub-07",1.68033209502695,1.69321272966483,"mean match coupling"
"same","level_match","regionB","sub-08",1.75037887750544,1.69321272966483,"mean match coupling"
"same","level_match","regionB","sub-09",1.698178201963,1.69321272966483,"mean match coupling"
"same","level_match","regionB","sub-10",1.71423836458338,1.69321272966483,"mean match coupling"
"same","level_match","regionB","sub-11",1.70393003868707,1.69321272966483,"mean match coupling"
"same","level_match","regionB","sub-12",1.68728882900142,1.69321272966483,"mean match coupling"
"same","level_match","regionC","sub-01",0.280616826798362,0.253704301578415,"mean match coupling"
"same","level_match","regionC","sub-02",0.285990542784455,0.253704301578415,"mean match coupling"
"same","level_match","regionC","sub-03",0.284571505169041,0.253704301578415,"mean match coupling"
"same","level_match","regionC","sub-04",0.272321182549532,0.253704301578415,"mean match coupling"
"same","level_match","regionC","sub-05",0.272603995162215,0.253704301578415,"mean match coupling"
"same","level_match","regionC","sub-06",0.300312957661552,0.253704301578415,"mean match coupling"
"same","level_match","regionC","sub-07",0.282144683901658,0.253704301578415,"mean match coupling"
"same","level_match","regionC","sub-08",0.279302725831954,0.253704301578415,"mean match coupling"
"same","level_match","regionC","sub-09",0.2633671445002,0.253704301578415,"mean match coupling"
"same","level_match","regionC","sub-10",0.261106960325044,0.253704301578415,"mean match coupling"
"same","level_match","regionC","sub-11",0.291018380000102,0.253704301578415,"mean match coupling"
"same","level_match","regionC","sub-12",0.29453871160662,0.253704301578415,"mean match coupling"
"same","lm_match","regionA","sub-01",0.795599256324964,0.775941322889631,"match coefficient adjusting for same_category"
"same","lm_match","regionA","sub-02",0.748692833338045,0.775941322889631,"match coefficient adjusting for same_category"
"same","lm_match","regionA","sub-03",0.785665527770089,0.775941322889631,"match coefficient adjusting for same_category"
"same","lm_match","regionA","sub-04",0.760229254462628,0.775941322889631,"match coefficient adjusting for same_category"
"same","lm_match","regionA","sub-05",0.79894928567827,0.775941322889631,"match coefficient adjusting for same_category"
"same","lm_match","regionA","sub-06",0.786711640804395,0.775941322889631,"match coefficient adjusting for same_category"
"same","lm_match","regionA","sub-07",0.772419650011473,0.775941322889631,"match coefficient adjusting for same_category"
"same","lm_match","regionA","sub-08",0.795081201332183,0.775941322889631,"match coefficient adjusting for same_category"
"same","lm_match","regionA","sub-09",0.785624745594423,0.775941322889631,"match coefficient adjusting for same_category"
"same","lm_match","regionA","sub-10",0.778550463539916,0.775941322889631,"match coefficient adjusting for same_category"
"same","lm_match","regionA","sub-11",0.784210496843584,0.775941322889631,"match coefficient adjusting for same_category"
"same","lm_match","regionA","sub-12",0.795142877210984,0.775941322889631,"match coefficient adjusting for same_category"
"same","lm_match","regionB","sub-01",0.246561924968796,0.254020684044626,"match coefficient adjusting for same_category"
"same","lm_match","regionB","sub-02",0.254029855172209,0.254020684044626,"match coefficient adjusting for same_category"
"same","lm_match","regionB","sub-03",0.301945341677452,0.254020684044626,"match coefficient adjusting for same_category"
"same","lm_match","regionB","sub-04",0.251950518641157,0.254020684044626,"match coefficient adjusting for same_category"
"same","lm_match","regionB","sub-05",0.280888935631773,0.254020684044626,"match coefficient adjusting for same_category"
"same","lm_match","regionB","sub-06",0.214274036619325,0.254020684044626,"match coefficient adjusting for same_category"
"same","lm_match","regionB","sub-07",0.229396458406853,0.254020684044626,"match coefficient adjusting for same_category"
"same","lm_match","regionB","sub-08",0.273732053002406,0.254020684044626,"match coefficient adjusting for same_category"
"same","lm_match","regionB","sub-09",0.248901239479062,0.254020684044626,"match coefficient adjusting for same_category"
"same","lm_match","regionB","sub-10",0.220071620236996,0.254020684044626,"match coefficient adjusting for same_category"
"same","lm_match","regionB","sub-11",0.254419965359279,0.254020684044626,"match coefficient adjusting for same_category"
"same","lm_match","regionB","sub-12",0.229627969394031,0.254020684044626,"match coefficient adjusting for same_category"
"same","lm_match","regionC","sub-01",0.246327927047023,0.251540867492766,"match coefficient adjusting for same_category"
"same","lm_match","regionC","sub-02",0.253715410939169,0.251540867492766,"match coefficient adjusting for same_category"
"same","lm_match","regionC","sub-03",0.272459841310398,0.251540867492766,"match coefficient adjusting for same_category"
"same","lm_match","regionC","sub-04",0.247095407114233,0.251540867492766,"match coefficient adjusting for same_category"
"same","lm_match","regionC","sub-05",0.243305234289284,0.251540867492766,"match coefficient adjusting for same_category"
"same","lm_match","regionC","sub-06",0.274607477000525,0.251540867492766,"match coefficient adjusting for same_category"
"same","lm_match","regionC","sub-07",0.2659994317609,0.251540867492766,"match coefficient adjusting for same_category"
"same","lm_match","regionC","sub-08",0.266558916318305,0.251540867492766,"match coefficient adjusting for same_category"
"same","lm_match","regionC","sub-09",0.241943538240593,0.251540867492766,"match coefficient adjusting for same_category"
"same","lm_match","regionC","sub-10",0.24974702385028,0.251540867492766,"match coefficient adjusting for same_category"
"same","lm_match","regionC","sub-11",0.255230690492768,0.251540867492766,"match coefficient adjusting for same_category"
"same","lm_match","regionC","sub-12",0.2608697022204,0.251540867492766,"match coefficient adjusting for same_category"
"same","lm_match_depth","regionA","sub-01",0.189751350991012,0.201776737296652,"study-duration slope on matched pairs"
"same","lm_match_depth","regionA","sub-02",0.149492450551969,0.201776737296652,"study-duration slope on matched pairs"
"same","lm_match_depth","regionA","sub-03",0.213058062081826,0.201776737296652,"study-duration slope on matched pairs"
"same","lm_match_depth","regionA","sub-04",0.194679687774219,0.201776737296652,"study-duration slope on matched pairs"
"same","lm_match_depth","regionA","sub-05",0.220997401643756,0.201776737296652,"study-duration slope on matched pairs"
"same","lm_match_depth","regionA","sub-06",0.178842767305957,0.201776737296652,"study-duration slope on matched pairs"
"same","lm_match_depth","regionA","sub-07",0.210380269406368,0.201776737296652,"study-duration slope on matched pairs"
"same","lm_match_depth","regionA","sub-08",0.174705611691706,0.201776737296652,"study-duration slope on matched pairs"
"same","lm_match_depth","regionA","sub-09",0.226343563313503,0.201776737296652,"study-duration slope on matched pairs"
"same","lm_match_depth","regionA","sub-10",0.243364527711755,0.201776737296652,"study-duration slope on matched pairs"
"same","lm_match_depth","regionA","sub-11",0.19547658558551,0.201776737296652,"study-duration slope on matched pairs"
"same","lm_match_depth","regionA","sub-12",0.198972021038591,0.201776737296652,"study-duration slope on matched pairs"
"same","lm_match_depth","regionB","sub-01",0.0480926275014891,0.0479054458911544,"study-duration slope on matched pairs"
"same","lm_match_depth","regionB","sub-02",0.0483201016285792,0.0479054458911544,"study-duration slope on matched pairs"
"same","lm_match_depth","regionB","sub-03",0.0404874896010778,0.0479054458911544,"study-duration slope on matched pairs"
"same","lm_match_depth","regionB","sub-04",0.0254474974191796,0.0479054458911544,"study-duration slope on matched pairs"
"same","lm_match_depth","regionB","sub-05",0.0181889900795037,0.0479054458911544,"study-duration slope on matched pairs"
"same","lm_match_depth","regionB","sub-06",0.00570606283204513,0.0479054458911544,"study-duration slope on matched pairs"
"same","lm_match_depth","regionB","sub-07",0.0865549422699551,0.0479054458911544,"study-duration slope on matched pairs"
"same","lm_match_depth","regionB","sub-08",0.0143954608737776,0.0479054458911544,"study-duration slope on matched pairs"
"same","lm_match_depth","regionB","sub-09",0.0706270227393587,0.0479054458911544,"study-duration slope on matched pairs"
"same","lm_match_depth","regionB","sub-10",-0.0145157104954105,0.0479054458911544,"study-duration slope on matched pairs"
"same","lm_match_depth","regionB","sub-11",0.0517433928021606,0.0479054458911544,"study-duration slope on matched pairs"
"same","lm_match_depth","regionB","sub-12",0.0221718463073836,0.0479054458911544,"study-duration slope on matched pairs"
"same","lm_match_depth","regionC","sub-01",0.0124449280284255,-0.0233300174746071,"study-duration slope on matched pairs"
"same","lm_match_depth","regionC","sub-02",-0.0616106443947548,-0.0233300174746071,"study-duration slope on matched pairs"
"same","lm_match_depth","regionC","sub-03",0.0154978021163255,-0.0233300174746071,"study-duration slope on matched pairs"
"same","lm_match_depth","regionC","sub-04",0.00147154531523055,-0.0233300174746071,"study-duration slope on matched pairs"
"same","lm_match_depth","regionC","sub-05",-0.0370382147673561,-0.0233300174746071,"study-duration slope on matched pairs"
"same","lm_match_depth","regionC","sub-06",0.0162664327852961,-0.0233300174746071,"study-duration slope on matched pairs"
"same","lm_match_depth","regionC","sub-07",-0.0360053370511272,-0.0233300174746071,"study-duration slope on matched pairs"
"same","lm_match_depth","regionC","sub-08",-0.0447129693119831,-0.0233300174746071,"study-duration slope on matched pairs"
"same","lm_match_depth","regionC","sub-09",-0.094265590817664,-0.0233300174746071,"study-duration slope on matched pairs"
"same","lm_match_depth","regionC","sub-10",0.044480624284749,-0.0233300174746071,"study-duration slope on matched pairs"
"same","lm_match_depth","regionC","sub-11",-0.0471232219380304,-0.0233300174746071,"study-duration slope on matched pairs"
"same","lm_match_depth","regionC","sub-12",0.0032652355707776,-0.0233300174746071,"study-duration slope on matched pairs"
"same","match_control_all","regionA","sub-01",1.06555195811195,1.0473229470556,"match coefficient, item nuisance adjusted"
"same","match_control_all","regionA","sub-02",1.01514433808156,1.0473229470556,"match coefficient, item nuisance adjusted"
"same","match_control_all","regionA","sub-03",1.05905930364249,1.0473229470556,"match coefficient, item nuisance adjusted"
"same","match_control_all","regionA","sub-04",1.03243074040148,1.0473229470556,"match coefficient, item nuisance adjusted"
"same","match_control_all","regionA","sub-05",1.0688385851543,1.0473229470556,"match coefficient, item nuisance adjusted"
"same","match_control_all","regionA","sub-06",1.06907532877907,1.0473229470556,"match coefficient, item nuisance adjusted"
"same","match_control_all","regionA","sub-07",1.05317918212419,1.0473229470556,"match coefficient, item nuisance adjusted"
"same","match_control_all","regionA","sub-08",1.06432838467544,1.0473229470556,"match coefficient, item nuisance adjusted"
"same","match_control_all","regionA","sub-09",1.05234973053811,1.0473229470556,"match coefficient, item nuisance adjusted"
"same","match_control_all","regionA","sub-10",1.047513113485,1.0473229470556,"match coefficient, item nuisance adjusted"
"same","match_control_all","regionA","sub-11",1.05352248591869,1.0473229470556,"match coefficient, item nuisance adjusted"
"same","match_control_all","regionA","sub-12",1.06212385168357,1.0473229470556,"match coefficient, item nuisance adjusted"
"same","match_control_all","regionB","sub-01",1.31413501463512,1.29578587048207,"match coefficient, item nuisance adjusted"
"same","match_control_all","regionB","sub-02",1.29638110517313,1.29578587048207,"match coefficient, item nuisance adjusted"
"same","match_control_all","regionB","sub-03",1.35477503874807,1.29578587048207,"match coefficient, item nuisance adjusted"
"same","match_control_all","regionB","sub-04",1.31643098179704,1.29578587048207,"match coefficient, item nuisance adjusted"
"same","match_control_all","regionB","sub-05",1.28308881113289,1.29578587048207,"match coefficient, item nuisance adjusted"
"same","match_control_all","regionB","sub-06",1.24587846822696,1.29578587048207,"match coefficient, item nuisance adjusted"
"same","match_control_all","regionB","sub-07",1.27212462762999,1.29578587048207,"match coefficient, item nuisance adjusted"
"same","match_control_all","regionB","sub-08",1.32128162159273,1.29578587048207,"match coefficient, item nuisance adjusted"
"same","match_control_all","regionB","sub-09",1.30076700062738,1.29578587048207,"match coefficient, item nuisance adjusted"
"same","match_control_all","regionB","sub-10",1.27328340271882,1.29578587048207,"match coefficient, item nuisance adjusted"
"same","match_control_all","regionB","sub-11",1.30504571020918,1.29578587048207,"match coefficient, item nuisance adjusted"
"same","match_control_all","regionB","sub-12",1.30208051007443,1.29578587048207,"match coefficient, item nuisance adjusted"
"same","match_control_all","regionC","sub-01",0.245738651194974,0.252872838558546,"match coefficient, item nuisance adjusted"
"same","match_control_all","regionC","sub-02",0.257787277438611,0.252872838558546,"match coefficient, item nuisance adjusted"
"same","match_control_all","regionC","sub-03",0.279643980652374,0.252872838558546,"match coefficient, item nuisance adjusted"
"same","match_control_all","regionC","sub-04",0.240935761285912,0.252872838558546,"match coefficient, item nuisance adjusted"
"same","match_control_all","regionC","sub-05",0.25108255989545,0.252872838558546,"match coefficient, item nuisance adjusted"
"same","match_control_all","regionC","sub-06",0.275403444979612,0.252872838558546,"match coefficient, item nuisance adjusted"
"same","match_control_all","regionC","sub-07",0.252765899524144,0.252872838558546,"match coefficient, item nuisance adjusted"
"same","match_control_all","regionC","sub-08",0.264810961968232,0.252872838558546,"match coefficient, item nuisance adjusted"
"same","match_control_all","regionC","sub-09",0.244844299302334,0.252872838558546,"match coefficient, item nuisance adjusted"
"same","match_control_all","regionC","sub-10",0.251857759717278,0.252872838558546,"match coefficient, item nuisance adjusted"
"same","match_control_all","regionC","sub-11",0.264235361461077,0.252872838558546,"match coefficient, item nuisance adjusted"
"same","match_control_all","regionC","sub-12",0.262695126427191,0.252872838558546,"match coefficient, item nuisance adjusted"
"same","match_control_category","regionA","sub-01",0.781237289090116,0.759783222159525,"match coefficient, category-matched, encoding nuisance"
"same","match_control_category","regionA","sub-02",0.727975289451684,0.759783222159525,"match coefficient, category-matched, encoding nuisance"
"same","match_control_category","regionA","sub-03",0.765421296238981,0.759783222159525,"match coefficient, category-matched, encoding nuisance"
"same","match_control_category","regionA","sub-04",0.737556193075952,0.759783222159525,"match coefficient, category-matched, encoding nuisance"
"same","match_control_category","regionA","sub-05",0.788246839944366,0.759783222159525,"match coefficient, category-matched, encoding nuisance"
"same","match_control_category","regionA","sub-06",0.76253499348408,0.759783222159525,"match coefficient, category-matched, encoding nuisance"
"same","match_control_category","regionA","sub-07",0.749848883903011,0.759783222159525,"match coefficient, category-matched, encoding nuisance"
"same","match_control_category","regionA","sub-08",0.786575867286321,0.759783222159525,"match coefficient, category-matched, encoding nuisance"
"same","match_control_category","regionA","sub-09",0.76964743365516,0.759783222159525,"match coefficient, category-matched, encoding nuisance"
"same","match_control_category","regionA","sub-10",0.763561657194454,0.759783222159525,"match coefficient, category-matched, encoding nuisance"
"same","match_control_category","regionA","sub-11",0.762520611873623,0.759783222159525,"match coefficient, category-matched, encoding nuisance"
"same","match_control_category","regionA","sub-12",0.771237425718532,0.759783222159525,"match coefficient, category-matched, encoding nuisance"
"same","match_control_category","regionB","sub-01",0.244691293251402,0.257760247937156,"match coefficient, category-matched, encoding nuisance"
"same","match_control_category","regionB","sub-02",0.260176653488383,0.257760247937156,"match coefficient, category-matched, encoding nuisance"
"same","match_control_category","regionB","sub-03",0.29780632303807,0.257760247937156,"match coefficient, category-matched, encoding nuisance"
"same","match_control_category","regionB","sub-04",0.264330119333629,0.257760247937156,"match coefficient, category-matched, encoding nuisance"
"same","match_control_category","regionB","sub-05",0.263723138692946,0.257760247937156,"match coefficient, category-matched, encoding nuisance"
"same","match_control_category","regionB","sub-06",0.2216210370128,0.257760247937156,"match coefficient, category-matched, encoding nuisance"
"same","match_control_category","regionB","sub-07",0.253253455395312,0.257760247937156,"match coefficient, category-matched, encoding nuisance"
"same","match_control_category","regionB","sub-08",0.258700431589028,0.257760247937156,"match coefficient, category-matched, encoding nuisance"
"same","match_control_category","regionB","sub-09",0.258346041445736,0.257760247937156,"match coefficient, category-matched, encoding nuisance"
"same","match_control_category","regionB","sub-10",0.233101932822198,0.257760247937156,"match coefficient, category-matched, encoding nuisance"
"same","match_control_category","regionB","sub-11",0.266379878763889,0.257760247937156,"match coefficient, category-matched, encoding nuisance"
"same","match_control_category","regionB","sub-12",0.228834474597361,0.257760247937156,"match coefficient, category-matched, encoding nuisance"
"same","match_control_category","regionC","sub-01",0.23743446236731,0.252153386781378,"match coefficient, category-matched, encoding nuisance"
"same","match_control_category","regionC","sub-02",0.247927828867717,0.252153386781378,"match coefficient, category-matched, encoding nuisance"
"same","match_control_category","regionC","sub-03",0.273707362970312,0.252153386781378,"match coefficient, category-matched, encoding nuisance"
"same","match_control_category","regionC","sub-04",0.257391432070718,0.252153386781378,"match coefficient, category-matched, encoding nuisance"
"same","match_control_category","regionC","sub-05",0.247753026238943,0.252153386781378,"match coefficient, category-matched, encoding nuisance"
"same","match_control_category","regionC","sub-06",0.266629577630838,0.252153386781378,"match coefficient, category-matched, encoding nuisance"
"same","match_control_category","regionC","sub-07",0.277891990763492,0.252153386781378,"match coefficient, category-matched, encoding nuisance"
"same","match_control_category","regionC","sub-08",0.268039646056156,0.252153386781378,"match coefficient, category-matched, encoding nuisance"
"same","match_control_category","regionC","sub-09",0.23966893579441,0.252153386781378,"match coefficient, category-matched, encoding nuisance"
"same","match_control_category","regionC","sub-10",0.262275162678987,0.252153386781378,"match coefficient, category-matched, encoding nuisance"
"same","match_control_category","regionC","sub-11",0.255691166446537,0.252153386781378,"match coefficient, category-matched, encoding nuisance"
"same","match_control_category","regionC","sub-12",0.256733199773401,0.252153386781378,"match coefficient, category-matched, encoding nuisance"
