"draw","V_C","V_W","R","eta"
1,401.96935169082,1361.67601211415,0.295201904208269,-0.0425892879773965
2,459.03593122984,1113.02930701541,0.412420345391214,0.0746291532055485
3,429.862953690826,1309.2398372836,0.328330181720335,-0.0094610104653306
4,442.065048593657,1084.05822255193,0.407787182825857,0.0699959906401909
5,484.828908673073,1201.40558060495,0.40355140387224,0.0657602116865745
6,448.886917284603,1568.74282069084,0.286144364368739,-0.0516468278169266
7,470.665599017923,1144.55958858201,0.411219829629867,0.0734286374442011
8,413.381703619201,1348.11111343041,0.30663770923697,-0.0311534829486952
9,436.675965913153,1472.35616308259,0.296583107309381,-0.0412080848762842
10,469.105603266296,1151.28566514911,0.407462385285184,0.0696711930995186
11,440.456578542175,1684.37474474527,0.261495596461692,-0.0762955957239737
12,425.245215375354,1225.47245788074,0.347005118426526,0.00921392624086081
13,463.687653496242,1308.63086028365,0.35433036738545,0.0165391751997843
14,428.325594402493,1106.6997593404,0.387029626407238,0.0492384342215721
15,516.984110309665,1417.24684983672,0.364780567597823,0.026989375412157
16,470.636521623239,1313.75347739878,0.35823807869578,0.0204468865101138
17,412.65345816264,1552.07532771269,0.265872055817529,-0.0719191363681362
18,430.437634050948,1313.24800865815,0.3277656856992,-0.0100255064864662
19,426.920879134594,820.98873687103,0.52000820469436,0.182217012508694
20,408.920881318225,1885.93280210125,0.216826856642304,-0.120964335543362
21,463.966802188984,2092.79328121072,0.221697387101974,-0.116093805083691
22,462.242408770556,924.682389556517,0.499893167633754,0.162101975448088
23,435.190337058136,1308.74132529794,0.332525861792485,-0.005265330393181
24,441.951981183461,1746.39284453373,0.253065616116549,-0.0847255760691166
25,431.749628297459,1143.117266648,0.37769495824649,0.0399037660608249
26,390.093560937984,1170.17704625801,0.333362854950388,-0.0044283372352773
27,416.820326470579,947.589578836604,0.439874325108479,0.102083132922814
28,438.492238750837,591.859960694962,0.740871604553144,0.403080412367478
29,423.19469076268,1329.47741804533,0.318316569366694,-0.0194746228189716
30,439.651969458241,1719.13193918874,0.255740679022992,-0.0820505131626737
31,444.603918083809,809.410320095462,0.549293611713985,0.21150241952832
32,412.835233107601,1236.27301293967,0.333935327218655,-0.00385586496701068
33,466.86381441405,1469.3991122051,0.317724306851823,-0.0200668853338426
34,444.031033671615,848.348787310701,0.523406221961147,0.185615029775481
35,471.067472377706,1710.12333676087,0.275458186115365,-0.0623330060703003
36,419.734174055545,792.947804701557,0.529333925343952,0.191542733158286
37,430.258859196011,1888.88262344524,0.227784857489576,-0.110006334696089
38,463.510856243106,1077.31290826358,0.430247194373822,0.0924560021881559
39,471.152139156683,1248.50324269374,0.377373580656577,0.0395823884709111
40,446.769934590705,1342.54940478378,0.332777276574533,-0.00501391561113285
41,462.577136734788,1654.03363002065,0.279666101304731,-0.0581250908809344
42,456.690792484916,920.778309473159,0.495983438995452,0.158192246809787
43,429.035382300391,1179.26361699659,0.363816347860439,0.0260251556747736
44,468.765511859097,2220.9117875857,0.211068946762933,-0.126722245422732
45,499.470841364979,1983.17414212826,0.25185425261191,-0.0859369395737556
46,479.006731995239,1460.03846677843,0.328078158825613,-0.00971303336005225
47,432.86502733993,1210.36119572015,0.357632935416756,0.0198417432310898
48,445.679929716026,961.685533075039,0.463436242293197,0.125645050107531
49,457.931719322117,2054.06114834609,0.222939672312501,-0.114851519873165
50,475.249328650501,1015.12178910964,0.468169764208628,0.130378572022962
51,457.3435761352,1146.00565787556,0.399076193902057,0.0612850017163917
52,442.295298662809,1283.08042412544,0.344713620710317,0.00692242852465114
53,446.767049337026,1775.64375369443,0.25160849320562,-0.0861826989800455
54,456.021653665962,1046.37278060608,0.435811846521679,0.0980206543360136
55,379.152016401785,1524.06281081124,0.248777159125067,-0.0890140330605989
56,455.189603200685,1427.81204697275,0.318802187000577,-0.0189890051850885
57,402.04978145884,985.905862868242,0.407797332991995,0.0700061408063289
58,427.680868456244,1417.97268236519,0.30161432147118,-0.0361768707144859
59,438.167501665281,1172.7926247231,0.373610382968374,0.0358191907827087
60,414.808624985485,1573.20156149583,0.263671633144756,-0.0741195590409098
61,432.381798691146,2175.25308987766,0.198773099416889,-0.139018092768777
62,465.782031263251,1427.87827161216,0.326205700110104,-0.0115854920755618
63,431.46738460953,2113.03617444899,0.20419308946381,-0.133598102721856
64,457.445025960186,1183.6725353865,0.386462482050257,0.0486712898645912
65,370.774683104452,886.565301530581,0.418214746803581,0.0804235546179153
66,435.958595383872,1414.15271028161,0.308282544179445,-0.0295086480062209
67,404.748893722252,1386.12563091974,0.292000151136146,-0.0457910410495193
68,496.467783651345,1689.02587593007,0.29393734621026,-0.0438538459754061
69,455.218554216164,970.288441877433,0.469157968464873,0.131366776279208
70,481.774152955053,1284.97440389881,0.374928988074217,0.0371377958885517
71,426.85213252432,1044.25606116657,0.408761939143039,0.0709707469573729
72,431.675443379838,1841.4990412772,0.234415241987007,-0.103375950198658
73,426.334569708695,1385.83671666145,0.307636942060358,-0.030154250125308
74,489.456216859926,921.508177520804,0.531146905474831,0.193355713289165
75,478.004851930829,899.336164849837,0.531508539980311,0.193717347794645
76,476.739555026486,1508.41254664487,0.316053824987659,-0.0217373671980071
77,443.249589703012,1186.33776012246,0.373628493168132,0.0358373009824667
78,457.705345698623,1398.35875309516,0.327316108749294,-0.0104750834363714
79,482.542126546222,1270.25570645691,0.379877944333084,0.0420867521474187
80,409.623547994322,1053.24385613708,0.388916152330264,0.051124960144598
81,464.241170129986,1232.33708223763,0.376716059933078,0.038924867747412
82,459.10444716586,1151.00580874425,0.398872398104353,0.0610812059186871
83,421.373464514655,1585.63560775968,0.265744199015565,-0.0720469931701011
84,409.739648356626,776.478423772573,0.527689676637605,0.18989848445194
85,464.313346395267,1358.40672542953,0.341807308299692,0.00401611611402675
86,427.904500783751,1697.21342953528,0.252121797610873,-0.0856693945747924
87,444.062664314741,2014.92018099546,0.220387223525329,-0.117403968660337
88,483.44402013999,857.032555142507,0.564090613873592,0.226299421687926
89,436.489705796613,1395.12689705472,0.312867386270092,-0.0249238059155739
90,429.141088060578,1206.88322636143,0.355577970334688,0.0177867781490223
91,441.700525955821,1055.37875126583,0.418523231992347,0.0807320398066816
92,468.32701323752,1812.56202558893,0.258378475674703,-0.0794127165109629
93,487.185043397772,2169.31745765062,0.224579874964634,-0.113211317221032
94,482.002552651908,1697.80665217428,0.283897198797422,-0.0538939933882437
95,479.469750283602,876.678153967837,0.546916503067319,0.209125310881653
96,415.571709916751,1777.49484299077,0.233796295699807,-0.103994896485859
97,427.231724721455,1140.76747124265,0.374512541329801,0.036721349144135
98,460.513204088976,1520.91108203573,0.302787723443097,-0.0350034687425685
99,433.92763609817,1710.70711034866,0.253653961846065,-0.0841372303396011
100,475.78458545294,1719.79293330353,0.276652250535192,-0.0611389416504738
101,443.648058291962,2243.67395843191,0.19773285535748,-0.140058336828186
102,443.23263826147,968.725487898887,0.457542042403382,0.119750850217717
103,353.681286986224,1081.33953657105,0.327076995730458,-0.0107141964552077
104,423.177837888902,1661.10190061256,0.254757301603742,-0.0830338905819237
105,453.70295114245,1557.67121490271,0.291270036193606,-0.0465211559920597
106,381.1967618958,650.226761659424,0.586252034479416,0.248460842293751
107,467.278313874068,1139.8906222506,0.409932588928113,0.0721413967424476
108,450.408207144426,1358.8260238794,0.331468634857703,-0.00632255732796305
109,452.306117315731,1057.69537817479,0.427633633131926,0.0898424409462605
110,442.200185631864,691.803493001468,0.639199122446358,0.301407930260693
111,456.721626687716,1408.78500186082,0.324195406740168,-0.0135957854454976
112,466.611074015431,1784.2275799227,0.261519931238618,-0.0762712609470472
113,417.618386845304,1184.05946385637,0.352700518507034,0.0149093263213682
114,452.208478450638,1251.07059251866,0.361457204057726,0.0236660118720602
115,462.807911963735,1263.64731261335,0.366247692171799,0.0284564999861331
116,449.624911181482,1070.73971201293,0.41991989849355,0.0821287063078843
117,433.720697169159,2184.98799422954,0.198500265591663,-0.139290926594002
118,482.200989518807,2063.77993372168,0.233649422421333,-0.104141769764333
119,446.676671129325,1080.93338313402,0.413232376850316,0.0754411846646503
120,440.809025548169,1674.98707368284,0.263171598440428,-0.0746195937452373
121,423.231184812598,1070.8686651309,0.395222307453422,0.0574311152677559
122,425.969790602346,986.790652882789,0.431671894497508,0.0938807023118423
123,459.177866875698,1799.05033521053,0.255233473955005,-0.0825577182306609
124,424.495896654491,1214.43733436762,0.349541211095536,0.0117500189098703
125,411.649879533424,649.895647591505,0.633409195859346,0.29561800367368
126,428.633561786709,1149.25855728033,0.372965299297881,0.0351741071122149
127,507.497370763638,1622.24036379104,0.312837346481539,-0.0249538457041262
128,458.184856845286,1137.40038503079,0.40283515187388,0.0650439596882144
129,475.137940190182,1083.43027431127,0.438549624702174,0.100758432516509
130,462.658215096788,2147.9419877846,0.215396047811317,-0.122395144374349
131,454.112960004715,1179.34191788976,0.385056236123005,0.0472650439373393
132,465.441349773595,2008.84064956661,0.231696501100777,-0.106094691084889
133,362.677541605033,914.066072458787,0.396773879408357,0.058982687222691
134,498.92393518693,1176.05537347569,0.424235071272553,0.0864438790868878
135,451.15844591005,1560.15016851718,0.289176295342676,-0.0486148968429898
136,426.810952429012,1923.81140016976,0.221856961857773,-0.115934230327892
137,427.90708542658,1474.30702820496,0.290242857993818,-0.0475483341918475
138,448.518345250004,1308.43545869786,0.342789812266602,0.00499862008093682
139,462.770633247258,992.495235316396,0.466269878967965,0.128478686782299
140,409.221873353971,1120.84325963534,0.365101783711588,0.0273105915259219
141,448.664856377472,1208.54741016625,0.371243074622743,0.0334518824370774
142,468.182985827523,948.166040825208,0.493777424700903,0.155986232515238
143,443.000654031611,867.355352741261,0.510748740561196,0.17295754837553
144,410.362295736215,793.155527568032,0.51737935559053,0.179588163404864
145,466.841816441387,2096.43975619886,0.222683153694737,-0.115108038490929
146,459.371690597154,1574.82442898889,0.291697081999224,-0.0460941101864416
147,443.430427851849,951.385720272978,0.466089009329062,0.128297817143397
148,437.828676212389,1215.89759855789,0.360086800674393,0.0222956084887276
149,477.878721056575,1905.47795084589,0.250792049755512,-0.0869991424301533
150,498.648797670023,1314.45443716285,0.379357993378847,0.0415668011931818
151,443.986440914597,2306.09956783492,0.192527004083971,-0.145264188101695
152,400.040058760505,1375.84768643892,0.290758971871313,-0.0470322203143528
153,436.203048050823,1157.16788482796,0.376957443919794,0.0391662517341282
154,420.255096716226,1246.67181614312,0.337101626325673,-0.000689565859992358
155,402.40468900314,1170.94247745701,0.343658801990908,0.00586760980524215
156,492.904887999396,980.961078197254,0.502471401724953,0.164680209539288
157,400.834894550992,1596.08482280136,0.251136336129974,-0.0866548560556913
158,441.597922076014,971.434878616463,0.454583144785729,0.116791952600063
159,433.358384212444,1560.17442989843,0.277762778255927,-0.0600284139297387
160,453.984940878241,1663.87191081857,0.272848491477264,-0.0649427007084012
161,429.18379688363,1759.85006233868,0.243875206228242,-0.0939159859574236
162,438.667123193944,1353.70762013583,0.324048647336364,-0.0137425448493016
163,444.298124907034,972.879385185999,0.456683666724104,0.118892474538438
164,434.698791509935,1079.61542825845,0.40264225587361,0.0648510636879448
165,445.427313672218,1161.66048341008,0.383440187587905,0.0456489954022393
166,456.624348960956,3074.02591057763,0.148542778182099,-0.189248414003567
167,472.289381714746,1269.13956696382,0.372133525743436,0.0343423335577708
168,466.929422275572,1150.64669822409,0.405797385936303,0.0680061937506377
169,445.385938168253,1527.45083979725,0.291587739889142,-0.0462034522965237
170,482.318587185226,1817.8406631266,0.265325007284005,-0.0724661849016605
171,476.251184211811,1511.4826779343,0.315088747733908,-0.0227024444517577
172,440.423766004458,593.407386695769,0.742194613479351,0.404403421293685
173,460.297975650742,1464.85248971367,0.314228209927619,-0.0235629822580468
174,455.712416292306,1195.84673496287,0.381079282962174,0.0432880907765083
175,401.357653663084,1038.96906111861,0.386303758873204,0.0485125666875384
176,464.353890286277,1825.95181989941,0.254307854799727,-0.0834833373859388
177,498.084793581613,1045.43253460593,0.476438963868066,0.1386477716824
178,464.347788574192,767.200497022415,0.605249593002577,0.267458400816912
179,519.021282889095,2077.42300677542,0.249838998218625,-0.0879521939670403
180,426.108634078985,987.09239410936,0.431680597096948,0.0938894049112824
181,430.204533331101,675.691148808314,0.636688129021423,0.298896936835757
182,419.917887463836,1791.70947782178,0.234367174288958,-0.103424017896708
183,458.598887951371,1660.53584062993,0.276175242190135,-0.0616159499955312
184,423.052685117333,1403.48229182785,0.301430725261495,-0.0363604669241707
185,470.211992428194,1288.55902708234,0.36491304049368,0.027121848308014
186,431.648803131972,1260.05246346518,0.34256415161074,0.00477295942507389
187,439.468060658774,1362.19039572679,0.322618675067296,-0.0151725171183698
188,431.804069248548,1057.85715205868,0.408187502828923,0.0703963106432573
189,429.564632351568,1235.08698149949,0.347801117480847,0.0100099252951816
190,431.910376304101,1555.49640007429,0.277667229756027,-0.0601239624296386
191,413.997785066962,1819.23530449322,0.22756692553429,-0.110224266651375
192,424.922990162282,1119.90124052347,0.379428984259059,0.0416377920733933
193,417.533591073327,2007.47820595963,0.207989102862382,-0.129802089323283
194,439.37502920196,1680.03678235632,0.26152702953665,-0.076264162649016
195,435.001252235192,1968.67395852905,0.220961551480173,-0.116829640705493
196,445.681496103492,1787.35546784887,0.249352467441679,-0.0884387247439871
197,385.781839405723,1384.47533260244,0.278648402265541,-0.0591427899201247
198,513.747205479743,1479.36238606648,0.347276103758295,0.0094849115726296
199,404.39853059682,1906.60494244492,0.212103997841442,-0.125687194344224
200,458.599893757061,1635.15087287783,0.280463351341968,-0.057327840843698
