"component","node","query","estimate","evidence_state","real_data_claim"
"total","group1","primary",0.105292613752297,"synthetic_rehearsal",FALSE
"total","group2","primary",0.402126642624176,"synthetic_rehearsal",FALSE
"total","group3","primary",0.0105077203818225,"synthetic_rehearsal",FALSE
"total","group4","primary",0.849416695734351,"synthetic_rehearsal",FALSE
"total","group5","primary",0.0445689489428726,"synthetic_rehearsal",FALSE
"total","group6","primary",1.42767686413718,"synthetic_rehearsal",FALSE
"total","group7","primary",0.138016666666667,"synthetic_rehearsal",FALSE
"total","group8","primary",1.42767686413718,"synthetic_rehearsal",FALSE
"total","group9","primary",0.0445689489428726,"synthetic_rehearsal",FALSE
"total","group10","primary",0.849416695734351,"synthetic_rehearsal",FALSE
"total","group11","primary",0.0105077203818225,"synthetic_rehearsal",FALSE
"total","group12","primary",0.402126642624176,"synthetic_rehearsal",FALSE
"total","group13","primary",0.105292613752297,"synthetic_rehearsal",FALSE
"total","group14","primary",0.200709925171068,"synthetic_rehearsal",FALSE
"total","group15","primary",0.359340687852977,"synthetic_rehearsal",FALSE
"total","group16","primary",0.374675873038162,"synthetic_rehearsal",FALSE
"total","group17","primary",0.533306635720071,"synthetic_rehearsal",FALSE
"total","group18","primary",0.538258741158168,"synthetic_rehearsal",FALSE
"total","group19","primary",0.623377305374503,"synthetic_rehearsal",FALSE
"total","group20","primary",0.557857301182162,"synthetic_rehearsal",FALSE
"total","group21","primary",0.623377305374503,"synthetic_rehearsal",FALSE
"total","group22","primary",0.538258741158168,"synthetic_rehearsal",FALSE
"total","group23","primary",0.533306635720071,"synthetic_rehearsal",FALSE
"total","group24","primary",0.374675873038162,"synthetic_rehearsal",FALSE
"total","group25","primary",0.359340687852977,"synthetic_rehearsal",FALSE
"total","group26","primary",0.200709925171068,"synthetic_rehearsal",FALSE
"total","group27","primary",0.360767838045332,"synthetic_rehearsal",FALSE
"total","group28","primary",0.431552562689861,"synthetic_rehearsal",FALSE
"total","group29","primary",0.4325078099973,"synthetic_rehearsal",FALSE
"total","group30","primary",0.472720474259717,"synthetic_rehearsal",FALSE
"total","group31","primary",0.484419653565528,"synthetic_rehearsal",FALSE
"total","group32","primary",0.484419653565528,"synthetic_rehearsal",FALSE
"total","group33","primary",0.484419653565528,"synthetic_rehearsal",FALSE
"total","group34","primary",0.484419653565528,"synthetic_rehearsal",FALSE
"total","group35","primary",0.484419653565528,"synthetic_rehearsal",FALSE
"total","group36","primary",0.472720474259717,"synthetic_rehearsal",FALSE
"total","group37","primary",0.4325078099973,"synthetic_rehearsal",FALSE
"total","group38","primary",0.431552562689861,"synthetic_rehearsal",FALSE
"total","group39","primary",0.360767838045332,"synthetic_rehearsal",FALSE
"total","group40","primary",0.447476587524005,"synthetic_rehearsal",FALSE
"total","group41","primary",0.447476587524005,"synthetic_rehearsal",FALSE
"total","group42","primary",0.447476587524005,"synthetic_rehearsal",FALSE
"total","group43","primary",0.447476587524005,"synthetic_rehearsal",FALSE
"total","group44","primary",0.447476587524005,"synthetic_rehearsal",FALSE
"total","group45","primary",0.447476587524005,"synthetic_rehearsal",FALSE
"total","group46","primary",0.447476587524005,"synthetic_rehearsal",FALSE
"total","group47","primary",0.447476587524005,"synthetic_rehearsal",FALSE
"total","group48","primary",0.447476587524005,"synthetic_rehearsal",FALSE
"total","group49","primary",0.447476587524005,"synthetic_rehearsal",FALSE
"total","group50","primary",0.447476587524005,"synthetic_rehearsal",FALSE
"total","group51","primary",0.447476587524005,"synthetic_rehearsal",FALSE
"total","group52","primary",0.447476587524005,"synthetic_rehearsal",FALSE
"total","<sink>","primary",0,"synthetic_rehearsal",FALSE
"coherent","group1","primary",0.105292613752297,"synthetic_rehearsal",FALSE
"coherent","group2","primary",0.402126642624176,"synthetic_rehearsal",FALSE
"coherent","group3","primary",0.0105077203818225,"synthetic_rehearsal",FALSE
"coherent","group4","primary",0.849416695734351,"synthetic_rehearsal",FALSE
"coherent","group5","primary",0.0445689489428726,"synthetic_rehearsal",FALSE
"coherent","group6","primary",1.42767686413718,"synthetic_rehearsal",FALSE
"coherent","group7","primary",0.138016666666667,"synthetic_rehearsal",FALSE
"coherent","group8","primary",1.42767686413718,"synthetic_rehearsal",FALSE
"coherent","group9","primary",0.0445689489428726,"synthetic_rehearsal",FALSE
"coherent","group10","primary",0.849416695734351,"synthetic_rehearsal",FALSE
"coherent","group11","primary",0.0105077203818225,"synthetic_rehearsal",FALSE
"coherent","group12","primary",0.402126642624176,"synthetic_rehearsal",FALSE
"coherent","group13","primary",0.105292613752297,"synthetic_rehearsal",FALSE
"coherent","group14","primary",0.0364281947997041,"synthetic_rehearsal",FALSE
"coherent","group15","primary",0.103354418235693,"synthetic_rehearsal",FALSE
"coherent","group16","primary",0.118632102461867,"synthetic_rehearsal",FALSE
"coherent","group17","primary",0.206138543390235,"synthetic_rehearsal",FALSE
"coherent","group18","primary",0.205946264056615,"synthetic_rehearsal",FALSE
"coherent","group19","primary",0.40880962291815,"synthetic_rehearsal",FALSE
"coherent","group20","primary",0.282097647124854,"synthetic_rehearsal",FALSE
"coherent","group21","primary",0.40880962291815,"synthetic_rehearsal",FALSE
"coherent","group22","primary",0.205946264056615,"synthetic_rehearsal",FALSE
"coherent","group23","primary",0.206138543390235,"synthetic_rehearsal",FALSE
"coherent","group24","primary",0.118632102461867,"synthetic_rehearsal",FALSE
"coherent","group25","primary",0.103354418235693,"synthetic_rehearsal",FALSE
"coherent","group26","primary",0.0364281947997041,"synthetic_rehearsal",FALSE
"coherent","group27","primary",0.149891998645425,"synthetic_rehearsal",FALSE
"coherent","group28","primary",0.203321412455711,"synthetic_rehearsal",FALSE
"coherent","group29","primary",0.175615736876453,"synthetic_rehearsal",FALSE
"coherent","group30","primary",0.212107036013935,"synthetic_rehearsal",FALSE
"coherent","group31","primary",0.163459711341277,"synthetic_rehearsal",FALSE
"coherent","group32","primary",0.163459711341277,"synthetic_rehearsal",FALSE
"coherent","group33","primary",0.163459711341277,"synthetic_rehearsal",FALSE
"coherent","group34","primary",0.163459711341277,"synthetic_rehearsal",FALSE
"coherent","group35","primary",0.163459711341277,"synthetic_rehearsal",FALSE
"coherent","group36","primary",0.212107036013935,"synthetic_rehearsal",FALSE
"coherent","group37","primary",0.175615736876453,"synthetic_rehearsal",FALSE
"coherent","group38","primary",0.203321412455711,"synthetic_rehearsal",FALSE
"coherent","group39","primary",0.149891998645425,"synthetic_rehearsal",FALSE
"coherent","group40","primary",0.175174198910543,"synthetic_rehearsal",FALSE
"coherent","group41","primary",0.175174198910543,"synthetic_rehearsal",FALSE
"coherent","group42","primary",0.175174198910543,"synthetic_rehearsal",FALSE
"coherent","group43","primary",0.175174198910543,"synthetic_rehearsal",FALSE
"coherent","group44","primary",0.175174198910543,"synthetic_rehearsal",FALSE
"coherent","group45","primary",0.175174198910543,"synthetic_rehearsal",FALSE
"coherent","group46","primary",0.175174198910543,"synthetic_rehearsal",FALSE
"coherent","group47","primary",0.175174198910543,"synthetic_rehearsal",FALSE
"coherent","group48","primary",0.175174198910543,"synthetic_rehearsal",FALSE
"coherent","group49","primary",0.175174198910543,"synthetic_rehearsal",FALSE
"coherent","group50","primary",0.175174198910543,"synthetic_rehearsal",FALSE
"coherent","group51","primary",0.175174198910543,"synthetic_rehearsal",FALSE
"coherent","group52","primary",0.175174198910543,"synthetic_rehearsal",FALSE
"coherent","<sink>","primary",0,"synthetic_rehearsal",FALSE
"configuration","group1","primary",0,"synthetic_rehearsal",FALSE
"configuration","group2","primary",0,"synthetic_rehearsal",FALSE
"configuration","group3","primary",0,"synthetic_rehearsal",FALSE
"configuration","group4","primary",0,"synthetic_rehearsal",FALSE
"configuration","group5","primary",0,"synthetic_rehearsal",FALSE
"configuration","group6","primary",0,"synthetic_rehearsal",FALSE
"configuration","group7","primary",0,"synthetic_rehearsal",FALSE
"configuration","group8","primary",0,"synthetic_rehearsal",FALSE
"configuration","group9","primary",0,"synthetic_rehearsal",FALSE
"configuration","group10","primary",0,"synthetic_rehearsal",FALSE
"configuration","group11","primary",0,"synthetic_rehearsal",FALSE
"configuration","group12","primary",0,"synthetic_rehearsal",FALSE
"configuration","group13","primary",0,"synthetic_rehearsal",FALSE
"configuration","group14","primary",0.164281730371364,"synthetic_rehearsal",FALSE
"configuration","group15","primary",0.255986269617284,"synthetic_rehearsal",FALSE
"configuration","group16","primary",0.256043770576296,"synthetic_rehearsal",FALSE
"configuration","group17","primary",0.327168092329836,"synthetic_rehearsal",FALSE
"configuration","group18","primary",0.332312477101553,"synthetic_rehearsal",FALSE
"configuration","group19","primary",0.214567682456352,"synthetic_rehearsal",FALSE
"configuration","group20","primary",0.275759654057308,"synthetic_rehearsal",FALSE
"configuration","group21","primary",0.214567682456352,"synthetic_rehearsal",FALSE
"configuration","group22","primary",0.332312477101553,"synthetic_rehearsal",FALSE
"configuration","group23","primary",0.327168092329836,"synthetic_rehearsal",FALSE
"configuration","group24","primary",0.256043770576296,"synthetic_rehearsal",FALSE
"configuration","group25","primary",0.255986269617284,"synthetic_rehearsal",FALSE
"configuration","group26","primary",0.164281730371364,"synthetic_rehearsal",FALSE
"configuration","group27","primary",0.210875839399907,"synthetic_rehearsal",FALSE
"configuration","group28","primary",0.22823115023415,"synthetic_rehearsal",FALSE
"configuration","group29","primary",0.256892073120846,"synthetic_rehearsal",FALSE
"configuration","group30","primary",0.260613438245782,"synthetic_rehearsal",FALSE
"configuration","group31","primary",0.320959942224252,"synthetic_rehearsal",FALSE
"configuration","group32","primary",0.320959942224252,"synthetic_rehearsal",FALSE
"configuration","group33","primary",0.320959942224252,"synthetic_rehearsal",FALSE
"configuration","group34","primary",0.320959942224252,"synthetic_rehearsal",FALSE
"configuration","group35","primary",0.320959942224252,"synthetic_rehearsal",FALSE
"configuration","group36","primary",0.260613438245782,"synthetic_rehearsal",FALSE
"configuration","group37","primary",0.256892073120846,"synthetic_rehearsal",FALSE
"configuration","group38","primary",0.22823115023415,"synthetic_rehearsal",FALSE
"configuration","group39","primary",0.210875839399907,"synthetic_rehearsal",FALSE
"configuration","group40","primary",0.272302388613461,"synthetic_rehearsal",FALSE
"configuration","group41","primary",0.272302388613461,"synthetic_rehearsal",FALSE
"configuration","group42","primary",0.272302388613461,"synthetic_rehearsal",FALSE
"configuration","group43","primary",0.272302388613461,"synthetic_rehearsal",FALSE
"configuration","group44","primary",0.272302388613461,"synthetic_rehearsal",FALSE
"configuration","group45","primary",0.272302388613461,"synthetic_rehearsal",FALSE
"configuration","group46","primary",0.272302388613461,"synthetic_rehearsal",FALSE
"configuration","group47","primary",0.272302388613461,"synthetic_rehearsal",FALSE
"configuration","group48","primary",0.272302388613461,"synthetic_rehearsal",FALSE
"configuration","group49","primary",0.272302388613461,"synthetic_rehearsal",FALSE
"configuration","group50","primary",0.272302388613461,"synthetic_rehearsal",FALSE
"configuration","group51","primary",0.272302388613461,"synthetic_rehearsal",FALSE
"configuration","group52","primary",0.272302388613461,"synthetic_rehearsal",FALSE
"configuration","<sink>","primary",0,"synthetic_rehearsal",FALSE
