"claim_id","headline_claim","evidence_class","evidence_artifact","boundary","headline_documents","protocol_frozen_before_analysis","external_route","completed"
"CF-H01","Fixed linear first- and second-moment queries share one typed cross-generalized geometry.","algebraic_theorem","design/common-geometry-equivalence.md","Fixed H, K, and Gamma only; no nonlinear or adaptive statistic.","README.md;vignettes/novelty.Rmd;vignettes/common-geometry-equivalence.Rmd;design/unification-contract.md",FALSE,FALSE,TRUE
"CF-H01","Fixed linear first- and second-moment queries share one typed cross-generalized geometry.","internal_oracle","design/oracles/common-geometry-equivalence.R","Independent base-matrix oracle and package property courts; this is computational evidence.","README.md;vignettes/novelty.Rmd;vignettes/common-geometry-equivalence.Rmd",FALSE,FALSE,TRUE
"CF-H01","Fixed linear first- and second-moment queries share one typed cross-generalized geometry.","external_parity","exemplars/rsatoolbox-parity/results/parity-manifest.csv","One balanced fixed-crossnobis and fixed-OLS-RSA fixture, not every RSA method.","README.md;vignettes/novelty.Rmd;vignettes/common-geometry-equivalence.Rmd",FALSE,TRUE,TRUE
"CF-H02","Total geometry decomposes exactly into coherent and configuration components and every fixed linear query inherits the split.","algebraic_theorem","design/conservative-geometry-contract.md","Exact arithmetic does not make either finite-sample crossvalidated component nonnegative.","README.md;vignettes/introduction.Rmd;vignettes/novelty.Rmd;vignettes/conservative-frames.Rmd",FALSE,FALSE,TRUE
"CF-H02","Total geometry decomposes exactly into coherent and configuration components and every fixed linear query inherits the split.","internal_oracle","design/oracles/unification-vocabulary.R","Independent finite-matrix construction plus production recomposition tests.","vignettes/introduction.Rmd;vignettes/conservative-frames.Rmd",FALSE,FALSE,TRUE
"CF-H02","Total geometry decomposes exactly into coherent and configuration components and every fixed linear query inherits the split.","matched_simulation","vignettes/introduction.Rmd","Generated planted truth validates interpretation only in the declared fixture.","README.md;vignettes/introduction.Rmd;vignettes/novelty.Rmd",FALSE,FALSE,TRUE
"CF-H02","Total geometry decomposes exactly into coherent and configuration components and every fixed linear query inherits the split.","existing_illustration","exemplars/haxby2001/results/coherent-configuration.rds","Retrospective one-subject Haxby illustration; no frozen hypothesis, population inference, or neuroscience replication.","README.md;vignettes/novelty.Rmd",FALSE,TRUE,TRUE
"CF-H03","Conservative frames preserve the declared total budget and frame-family alpha fixes each scale total.","algebraic_theorem","design/conservative-geometry-contract.md","Total geometry under the admitted additive metric; coherent energy is not conserved across overlapping nodes.","README.md;vignettes/conservative-frames.Rmd;vignettes/novelty.Rmd",FALSE,FALSE,TRUE
"CF-H03","Conservative frames preserve the declared total budget and frame-family alpha fixes each scale total.","internal_oracle","design/oracles/conservative-multiscale-ledger.R","Independent conservation and overlap-accounting courts.","vignettes/conservative-frames.Rmd;vignettes/novelty.Rmd",FALSE,FALSE,TRUE
"CF-H04","Typed observations can be compiled to an identified relation and then to geometry without changing the declared estimand.","matched_simulation","benchmarks/run-first-moment-vertical-slice.R","One versioned linear-model fixture; not universal BIDS, HRF, censoring, or GLM coverage.","vignettes/from-observations.Rmd;vignettes/novelty.Rmd",FALSE,FALSE,TRUE
"CF-H05","Query-first execution preserves the estimand while avoiding full geometry materialization in the certified regime.","internal_oracle","inst/extdata/certification/query-first-scale-gate.rds","Recorded q=100 searchlight regime and R-heap receipt; not a cross-package speed or OS-RSS claim.","README.md;vignettes/novelty.Rmd",FALSE,FALSE,TRUE
"CF-H06","Crossform reproduces mapped crossnobis outputs from independent implementations.","external_parity","exemplars/haxby2001/results/smoke-report.md","Haxby subject 1 regression evidence and rMVPA parity on one matched squared-Euclidean estimand.","README.md;vignettes/novelty.Rmd;vignettes/introduction.Rmd",FALSE,TRUE,TRUE
"CF-H06","Crossform reproduces mapped crossnobis outputs from independent implementations.","external_parity","exemplars/rsatoolbox-parity/results/parity-manifest.csv","Pinned synthetic rsatoolbox case with source binding; no correlation distance or inference parity.","README.md;vignettes/novelty.Rmd;vignettes/common-geometry-equivalence.Rmd",FALSE,TRUE,TRUE
"CF-H07","Rectangular cross-domain queries reuse the same bilinear geometry.","matched_simulation","exemplars/er-rsa/results/recovery-verdicts.csv","Designed encoding-retrieval simulation with planted truth; no empirical encoding-retrieval result.","vignettes/novelty.Rmd;vignettes/evidence-pairing.Rmd",FALSE,FALSE,TRUE
"CF-H08","Fixed population queries commute with declared linear transport and group modeling.","algebraic_theorem","design/population-estimand-contract.md","Conditional on the realized transport; no transport-estimation uncertainty is propagated.","README.md;vignettes/population-form.Rmd;design/unification-contract.md",FALSE,FALSE,TRUE
"CF-H08","Fixed population queries commute with declared linear transport and group modeling.","internal_oracle","design/oracles/population-estimand-targets.R","Independent matrix oracle plus package route; no cross-node covariance estimator.","vignettes/population-form.Rmd;design/population-estimand-contract.md",FALSE,FALSE,TRUE
"CF-H08","Fixed population queries commute with declared linear transport and group modeling.","existing_illustration","exemplars/population-slice2/results/population-slice2-receipts.csv","Retrospective ds003745 execution/diagnostic evidence; no frozen hypothesis and no scientific transport-superiority result.","vignettes/population-form.Rmd;vignettes/novelty.Rmd",FALSE,TRUE,TRUE
"CF-H09","Population point estimates, HC3 intervals, wild bootstrap, prevalence, and heterogeneity are available only under their declared conditional targets.","internal_oracle","design/oracles/population-hc3.R","Formula and product-oracle evidence; calibration and broad operating-characteristic claims require PE-C/PE-D simulations.","README.md;vignettes/population-form.Rmd;design/population-estimand-contract.md",FALSE,FALSE,TRUE
"CF-H09","Population point estimates, HC3 intervals, wild bootstrap, prevalence, and heterogeneity are available only under their declared conditional targets.","matched_simulation","inst/extdata/certification/population-calibration-results.csv","500 paired datasets per regime quantify classical, HC3, and wild-bootstrap behavior; transport remains realized and informative coverage supports no marginal population claim.","README.md;vignettes/population-form.Rmd;design/population-calibration-contract.md",FALSE,FALSE,TRUE
"CF-H10","Coherent/configuration mixtures can be interpreted as distinct planted regimes at fixed total energy.","matched_simulation","inst/extdata/certification/matched-interpretability-metrics.csv","48 paired seeds across three planted organizations, three noise regimes, two sample sizes, and three SNRs; synthetic line-domain evidence only, with no empirical interpretation, population coverage, or power claim.","vignettes/matched-interpretability.Rmd;vignettes/novelty.Rmd",FALSE,FALSE,TRUE
"CF-H10","Coherent/configuration mixtures can be interpreted as distinct planted regimes at fixed total energy.","matched_simulation","inst/extdata/certification/population-interpretability-results.csv","200 paired 24-subject hierarchical replications recover planted population ordering and profiles conditional on realized transport; informative coverage remains an unsupported failure regime and no empirical claim is licensed.","vignettes/population-form.Rmd;vignettes/matched-interpretability.Rmd",FALSE,FALSE,TRUE
"CF-H11","Functionally informed transport improves population recovery relative to anatomical transport.","existing_illustration","exemplars/population-slice2/README.md","The retrospective ds003745 eta ratio failed its interpretation audit; no superiority claim is supported.","vignettes/novelty.Rmd;vignettes/population-form.Rmd",FALSE,TRUE,TRUE
"CF-H12","A future prospective real-data analysis could establish a bounded neuroscience result.","prospective_protocol","protocols/prospective/discovery-v1.json","Discovery and replication specifications are frozen and synthetically rehearsed, but readiness-current is BLOCKED; no eligible real-data result or independent replication exists.","README.md;vignettes/novelty.Rmd",FALSE,FALSE,FALSE
"CF-H13","Unsupported interpretations fail as typed refusals rather than changing estimands silently.","internal_oracle","vignettes/failure-gallery.Rmd","Covers the executable refusal gallery and named gates, not every possible misuse.","README.md;vignettes/novelty.Rmd;vignettes/failure-gallery.Rmd",FALSE,FALSE,TRUE
"CF-H14","Cross-node covariance can support precision weighting or joint spatial inference.","prospective_protocol","design/cross-node-covariance-contract.md","Future capability only; current population precision and joint cross-node inference refuse.","vignettes/population-form.Rmd;design/population-estimand-contract.md",FALSE,FALSE,FALSE
