"scenario","scale","coverage_regime","component","term","replications","estimate_mean","conditional_truth_mean","marginal_truth_mean","marginal_bias","target_shift","empirical_se","mean_se","conditional_coverage","coverage_mcse","mean_n","mean_coverage_fraction","mean_transport_quality","marginal_claim_supported"
"broad_coherent",0.01,"failure_informative","coherent","(Intercept)",200,2.33394319535974,2.334507461424,2.17071211268041,0.163231082679326,0.163795348743586,0.169491231977281,0.298851388502213,1,0,13.33,0.555416666666667,0.73949015055415,FALSE
"broad_coherent",0.01,"failure_informative","coherent","covariate_x",200,0.0212350560405879,0.02048112425286,0.0972919499237615,-0.0760568938831736,-0.0768108256709015,0.302748639033283,0.329341108621493,1,0,13.33,0.555416666666667,0.73949015055415,FALSE
"broad_coherent",0.01,"failure_informative","configuration","(Intercept)",200,0.014875884649696,0.0156605924800127,0.015558797978809,-0.000682913329112956,0.000101794501203741,0.0240612001492086,0.0265246176439761,0.97,0.0120623380818148,13.33,0.555416666666667,0.73949015055415,FALSE
"broad_coherent",0.01,"failure_informative","configuration","covariate_x",200,0.00234861578989925,0.000844977249963414,0.000689402420170094,0.00165921336972915,0.00015557482979332,0.0259776971528239,0.031407080496546,0.965,0.012995191418367,13.33,0.555416666666667,0.73949015055415,FALSE
"broad_coherent",0.01,"failure_informative","total","(Intercept)",200,2.34881908000943,2.35016805390401,2.18627091065922,0.162548169350213,0.16389714324479,0.17084450180676,0.30380053674364,1,0,13.33,0.555416666666667,0.73949015055415,FALSE
"broad_coherent",0.01,"failure_informative","total","covariate_x",200,0.0235836718304872,0.0213261015028234,0.0979813523439316,-0.0743976805134444,-0.0766552508411082,0.304015331025383,0.332718281902487,1,0,13.33,0.555416666666667,0.73949015055415,FALSE
"broad_coherent",0.01,"supported_complete","coherent","(Intercept)",200,2.17129016325337,2.17071211268041,2.17071211268041,0.000578050572958801,0,0.0769576640315358,0.147518098604112,1,0,24,1,0.755509530964764,TRUE
"broad_coherent",0.01,"supported_complete","coherent","covariate_x",200,0.0969930087548942,0.0972919499237615,0.0972919499237615,-0.000298941168867281,0,0.136806044720878,0.140749362979764,1,0,24,1,0.755509530964764,TRUE
"broad_coherent",0.01,"supported_complete","configuration","(Intercept)",200,0.0160425887346569,0.015558797978809,0.015558797978809,0.000483790755847947,0,0.016958766644943,0.0175443469637384,0.98,0.00989949493661167,24,1,0.755509530964764,TRUE
"broad_coherent",0.01,"supported_complete","configuration","covariate_x",200,0.00273781070062267,0.000689402420170094,0.000689402420170094,0.00204840828045258,0,0.0170575805545825,0.0186310869598329,0.945,0.0161206389451535,24,1,0.755509530964764,TRUE
"broad_coherent",0.01,"supported_complete","total","(Intercept)",200,2.18733275198803,2.18627091065922,2.18627091065922,0.00106184132880676,0,0.0782200701846106,0.149341718137797,1,0,24,1,0.755509530964764,TRUE
"broad_coherent",0.01,"supported_complete","total","covariate_x",200,0.0997308194555169,0.0979813523439316,0.0979813523439316,0.0017494671115853,0,0.13797221105169,0.142850934842212,1,0,24,1,0.755509530964764,TRUE
"broad_coherent",1.01,"failure_informative","coherent","(Intercept)",200,2.33513764536459,2.334507461424,2.17071211268041,0.164425532684174,0.163795348743586,0.170669867105539,0.296704558825162,1,0,13.33,0.555416666666667,0.73949015055415,FALSE
"broad_coherent",1.01,"failure_informative","coherent","covariate_x",200,0.021394215696239,0.02048112425286,0.0972919499237615,-0.0758977342275225,-0.0768108256709015,0.30304780870618,0.325497220214391,1,0,13.33,0.555416666666667,0.73949015055415,FALSE
"broad_coherent",1.01,"failure_informative","configuration","(Intercept)",200,0.0192363042309216,0.0156605924800127,0.015558797978809,0.00367750625211268,0.000101794501203741,0.0255306070030467,0.0268816781521307,0.965,0.012995191418367,13.33,0.555416666666667,0.73949015055415,FALSE
"broad_coherent",1.01,"failure_informative","configuration","covariate_x",200,-0.000731335460245207,0.000844977249963414,0.000689402420170094,-0.0014207378804153,0.00015557482979332,0.0266469370028837,0.0305960851490625,0.935,0.0174320107847603,13.33,0.555416666666667,0.73949015055415,FALSE
"broad_coherent",1.01,"failure_informative","total","(Intercept)",200,2.35437394959551,2.35016805390401,2.18627091065922,0.168103038936286,0.16389714324479,0.17233769973224,0.298658457321402,1,0,13.33,0.555416666666667,0.73949015055415,FALSE
"broad_coherent",1.01,"failure_informative","total","covariate_x",200,0.0206628802359938,0.0213261015028234,0.0979813523439316,-0.0773184721079378,-0.0766552508411082,0.309414125652233,0.327866757240577,1,0,13.33,0.555416666666667,0.73949015055415,FALSE
"broad_coherent",1.01,"supported_complete","coherent","(Intercept)",200,2.17133332796039,2.17071211268041,2.17071211268041,0.000621215279973406,0,0.0800178965717791,0.146888466300089,1,0,24,1,0.755509530964764,TRUE
"broad_coherent",1.01,"supported_complete","coherent","covariate_x",200,0.099594845379672,0.0972919499237615,0.0972919499237615,0.00230289545591048,0,0.13870578103873,0.139780313641558,1,0,24,1,0.755509530964764,TRUE
"broad_coherent",1.01,"supported_complete","configuration","(Intercept)",200,0.015541415601595,0.015558797978809,0.015558797978809,-1.73823772139192e-05,0,0.0171933921044979,0.0175862889954425,0.955,0.0146586152142691,24,1,0.755509530964764,TRUE
"broad_coherent",1.01,"supported_complete","configuration","covariate_x",200,0.0014071223263886,0.000689402420170094,0.000689402420170094,0.000717719906218504,0,0.0180236983415481,0.018337374776405,0.93,0.0180416185526687,24,1,0.755509530964764,TRUE
"broad_coherent",1.01,"supported_complete","total","(Intercept)",200,2.18687474356198,2.18627091065922,2.18627091065922,0.000603832902759479,0,0.0811433644723659,0.1485789317565,1,0,24,1,0.755509530964764,TRUE
"broad_coherent",1.01,"supported_complete","total","covariate_x",200,0.101001967706061,0.0979813523439316,0.0979813523439316,0.00302061536212899,0,0.141727205220157,0.1417113700623,1,0,24,1,0.755509530964764,TRUE
"broad_coherent",2.01,"failure_informative","coherent","(Intercept)",200,2.33279357945184,2.334507461424,2.17071211268041,0.162081466771425,0.163795348743586,0.172611603796249,0.297818969554219,1,0,13.33,0.555416666666667,0.73949015055415,FALSE
"broad_coherent",2.01,"failure_informative","coherent","covariate_x",200,0.0234354338444519,0.02048112425286,0.0972919499237615,-0.0738565160793096,-0.0768108256709015,0.303577205703761,0.327023681663567,1,0,13.33,0.555416666666667,0.73949015055415,FALSE
"broad_coherent",2.01,"failure_informative","configuration","(Intercept)",200,0.0151825844867509,0.0156605924800127,0.015558797978809,-0.000376213492058035,0.000101794501203741,0.0239973527413326,0.0276228462545206,0.975,0.0110397010829098,13.33,0.555416666666667,0.73949015055415,FALSE
"broad_coherent",2.01,"failure_informative","configuration","covariate_x",200,-0.00128281480460856,0.000844977249963414,0.000689402420170094,-0.00197221722477865,0.00015557482979332,0.0325873524031563,0.0319853776296199,0.945,0.0161206389451535,13.33,0.555416666666667,0.73949015055415,FALSE
"broad_coherent",2.01,"failure_informative","total","(Intercept)",200,2.34797616393859,2.35016805390401,2.18627091065922,0.161705253279367,0.16389714324479,0.173401898259387,0.300289809456633,1,0,13.33,0.555416666666667,0.73949015055415,FALSE
"broad_coherent",2.01,"failure_informative","total","covariate_x",200,0.0221526190398434,0.0213261015028234,0.0979813523439316,-0.0758287333040882,-0.0766552508411082,0.309440141764313,0.329228268661293,1,0,13.33,0.555416666666667,0.73949015055415,FALSE
"broad_coherent",2.01,"supported_complete","coherent","(Intercept)",200,2.16978353560289,2.17071211268041,2.17071211268041,-0.000928577077522408,0,0.0789688932700966,0.147417983659107,1,0,24,1,0.755509530964764,TRUE
"broad_coherent",2.01,"supported_complete","coherent","covariate_x",200,0.0985679029064505,0.0972919499237615,0.0972919499237615,0.00127595298268895,0,0.138590859983321,0.14116235440906,1,0,24,1,0.755509530964764,TRUE
"broad_coherent",2.01,"supported_complete","configuration","(Intercept)",200,0.0167088584305779,0.015558797978809,0.015558797978809,0.00115006045176897,0,0.0181370671972268,0.0179522296176879,0.97,0.0120623380818148,24,1,0.755509530964764,TRUE
"broad_coherent",2.01,"supported_complete","configuration","covariate_x",200,-0.000159874797068408,0.000689402420170094,0.000689402420170094,-0.000849277217238502,0,0.0184331218225258,0.0191707183808518,0.94,0.0167928556237467,24,1,0.755509530964764,TRUE
"broad_coherent",2.01,"supported_complete","total","(Intercept)",200,2.18649239403347,2.18627091065922,2.18627091065922,0.000221483374246571,0,0.0816769440443924,0.14852318835269,1,0,24,1,0.755509530964764,TRUE
"broad_coherent",2.01,"supported_complete","total","covariate_x",200,0.098408028109382,0.0979813523439316,0.0979813523439316,0.000426675765450439,0,0.141329255712684,0.142713646171234,1,0,24,1,0.755509530964764,TRUE
"broad_coherent",4.01,"failure_informative","coherent","(Intercept)",200,2.33448356894182,2.334507461424,2.17071211268041,0.163771456261405,0.163795348743586,0.176089177060974,0.297916994502262,1,0,13.33,0.555416666666667,0.73949015055415,FALSE
"broad_coherent",4.01,"failure_informative","coherent","covariate_x",200,0.0204714914057279,0.02048112425286,0.0972919499237615,-0.0768204585180336,-0.0768108256709015,0.302034119655057,0.327098983493395,1,0,13.33,0.555416666666667,0.73949015055415,FALSE
"broad_coherent",4.01,"failure_informative","configuration","(Intercept)",200,0.0171440032278795,0.0156605924800127,0.015558797978809,0.00158520524907051,0.000101794501203741,0.0239346461199393,0.0274633284558869,0.965,0.012995191418367,13.33,0.555416666666667,0.73949015055415,FALSE
"broad_coherent",4.01,"failure_informative","configuration","covariate_x",200,0.00237969261781361,0.000844977249963414,0.000689402420170094,0.00169029019764352,0.00015557482979332,0.0277344355000442,0.0316721592922847,0.96,0.013856406460551,13.33,0.555416666666667,0.73949015055415,FALSE
"broad_coherent",4.01,"failure_informative","total","(Intercept)",200,2.3516275721697,2.35016805390401,2.18627091065922,0.165356661510475,0.16389714324479,0.177137627457145,0.300408836038441,1,0,13.33,0.555416666666667,0.73949015055415,FALSE
"broad_coherent",4.01,"failure_informative","total","covariate_x",200,0.0228511840235416,0.0213261015028234,0.0979813523439316,-0.07513016832039,-0.0766552508411082,0.304748053950104,0.327900881577524,1,0,13.33,0.555416666666667,0.73949015055415,FALSE
"broad_coherent",4.01,"supported_complete","coherent","(Intercept)",200,2.17049256498309,2.17071211268041,2.17071211268041,-0.000219547697322431,0,0.0781956645594605,0.147518585054713,1,0,24,1,0.755509530964764,TRUE
"broad_coherent",4.01,"supported_complete","coherent","covariate_x",200,0.0975783693517644,0.0972919499237615,0.0972919499237615,0.000286419428002934,0,0.139477442426746,0.140783216219567,1,0,24,1,0.755509530964764,TRUE
"broad_coherent",4.01,"supported_complete","configuration","(Intercept)",200,0.0171929202986154,0.015558797978809,0.015558797978809,0.00163412231980646,0,0.0170465849420882,0.0179395160232836,0.96,0.013856406460551,24,1,0.755509530964764,TRUE
"broad_coherent",4.01,"supported_complete","configuration","covariate_x",200,3.31326361716685e-05,0.000689402420170094,0.000689402420170094,-0.000656269783998425,0,0.0171828144733052,0.0184830290958267,0.955,0.0146586152142691,24,1,0.755509530964764,TRUE
"broad_coherent",4.01,"supported_complete","total","(Intercept)",200,2.1876854852817,2.18627091065922,2.18627091065922,0.00141457462248403,0,0.0777754438033649,0.149073009803027,1,0,24,1,0.755509530964764,TRUE
"broad_coherent",4.01,"supported_complete","total","covariate_x",200,0.0976115019879361,0.0979813523439316,0.0979813523439316,-0.000369850355995487,0,0.139890081113017,0.142107247999694,1,0,24,1,0.755509530964764,TRUE
"fine_configuration",0.01,"failure_informative","coherent","(Intercept)",200,2.33394319535974,2.334507461424,2.17071211268041,0.163231082679326,0.163795348743586,0.169491231977281,0.298851388502213,1,0,13.33,0.555416666666667,0.73949015055415,FALSE
"fine_configuration",0.01,"failure_informative","coherent","covariate_x",200,0.0212350560405879,0.02048112425286,0.0972919499237615,-0.0760568938831736,-0.0768108256709015,0.302748639033283,0.329341108621493,1,0,13.33,0.555416666666667,0.73949015055415,FALSE
"fine_configuration",0.01,"failure_informative","configuration","(Intercept)",200,0.014875884649696,0.0156605924800127,0.015558797978809,-0.000682913329112956,0.000101794501203741,0.0240612001492086,0.0265246176439761,0.97,0.0120623380818148,13.33,0.555416666666667,0.73949015055415,FALSE
"fine_configuration",0.01,"failure_informative","configuration","covariate_x",200,0.00234861578989925,0.000844977249963414,0.000689402420170094,0.00165921336972915,0.00015557482979332,0.0259776971528239,0.031407080496546,0.965,0.012995191418367,13.33,0.555416666666667,0.73949015055415,FALSE
"fine_configuration",0.01,"failure_informative","total","(Intercept)",200,2.34881908000943,2.35016805390401,2.18627091065922,0.162548169350213,0.16389714324479,0.17084450180676,0.30380053674364,1,0,13.33,0.555416666666667,0.73949015055415,FALSE
"fine_configuration",0.01,"failure_informative","total","covariate_x",200,0.0235836718304872,0.0213261015028234,0.0979813523439316,-0.0743976805134444,-0.0766552508411082,0.304015331025383,0.332718281902487,1,0,13.33,0.555416666666667,0.73949015055415,FALSE
"fine_configuration",0.01,"supported_complete","coherent","(Intercept)",200,2.17129016325337,2.17071211268041,2.17071211268041,0.000578050572958801,0,0.0769576640315358,0.147518098604112,1,0,24,1,0.755509530964764,TRUE
"fine_configuration",0.01,"supported_complete","coherent","covariate_x",200,0.0969930087548942,0.0972919499237615,0.0972919499237615,-0.000298941168867281,0,0.136806044720878,0.140749362979764,1,0,24,1,0.755509530964764,TRUE
"fine_configuration",0.01,"supported_complete","configuration","(Intercept)",200,0.0160425887346569,0.015558797978809,0.015558797978809,0.000483790755847947,0,0.016958766644943,0.0175443469637384,0.98,0.00989949493661167,24,1,0.755509530964764,TRUE
"fine_configuration",0.01,"supported_complete","configuration","covariate_x",200,0.00273781070062267,0.000689402420170094,0.000689402420170094,0.00204840828045258,0,0.0170575805545825,0.0186310869598329,0.945,0.0161206389451535,24,1,0.755509530964764,TRUE
"fine_configuration",0.01,"supported_complete","total","(Intercept)",200,2.18733275198803,2.18627091065922,2.18627091065922,0.00106184132880676,0,0.0782200701846106,0.149341718137797,1,0,24,1,0.755509530964764,TRUE
"fine_configuration",0.01,"supported_complete","total","covariate_x",200,0.0997308194555169,0.0979813523439316,0.0979813523439316,0.0017494671115853,0,0.13797221105169,0.142850934842212,1,0,24,1,0.755509530964764,TRUE
"fine_configuration",1.01,"failure_informative","coherent","(Intercept)",200,0.2667601599672,0.266146781888462,0.24293686715541,0.0238232928117896,0.0232099147330517,0.0323235423180281,0.0449584203221726,1,0,13.2,0.55,0.739170886363513,FALSE
"fine_configuration",1.01,"failure_informative","coherent","covariate_x",200,0.00499770541159283,0.00280619370124317,0.0115470013733311,-0.00654929596173829,-0.00874080767208796,0.0463229159255498,0.0505275033497731,0.985,0.00859505671883555,13.2,0.55,0.739170886363513,FALSE
"fine_configuration",1.01,"failure_informative","configuration","(Intercept)",200,2.07377630802627,2.07098248638993,1.94333404350381,0.130442264522455,0.127648442886119,0.156963638887365,0.261945952222843,1,0,13.2,0.55,0.739170886363513,FALSE
"fine_configuration",1.01,"failure_informative","configuration","covariate_x",200,0.030549233072018,0.0305176694018019,0.0864343509706005,-0.0558851178985825,-0.0559166815687986,0.267406479918664,0.282796345214958,1,0,13.2,0.55,0.739170886363513,FALSE
"fine_configuration",1.01,"failure_informative","total","(Intercept)",200,2.34053646799347,2.33712926827839,2.18627091065922,0.154265557334245,0.150858357619171,0.176086830605853,0.29590685402603,1,0,13.2,0.55,0.739170886363513,FALSE
"fine_configuration",1.01,"failure_informative","total","covariate_x",200,0.0355469384836108,0.0333238631030451,0.0979813523439316,-0.0624344138603208,-0.0646574892408865,0.301646359148008,0.319250096022581,1,0,13.2,0.55,0.739170886363513,FALSE
"fine_configuration",1.01,"supported_complete","coherent","(Intercept)",200,0.243558082435384,0.24293686715541,0.24293686715541,0.000621215279973394,0,0.020598738685185,0.0247851092007835,1,0,24,1,0.755509530964764,TRUE
"fine_configuration",1.01,"supported_complete","coherent","covariate_x",200,0.0138498968292416,0.0115470013733311,0.0115470013733311,0.00230289545591049,0,0.0253099046798482,0.0253465878979309,0.985,0.00859505671883555,24,1,0.755509530964764,TRUE
"fine_configuration",1.01,"supported_complete","configuration","(Intercept)",200,1.9433166611266,1.94333404350381,1.94333404350381,-1.73823772138952e-05,0,0.0711529085463018,0.131857230421181,1,0,24,1,0.755509530964764,TRUE
"fine_configuration",1.01,"supported_complete","configuration","covariate_x",200,0.087152070876819,0.0864343509706005,0.0864343509706005,0.000717719906218501,0,0.12518819499294,0.126177510479836,1,0,24,1,0.755509530964764,TRUE
"fine_configuration",1.01,"supported_complete","total","(Intercept)",200,2.18687474356198,2.18627091065922,2.18627091065922,0.000603832902759463,0,0.0811433644723659,0.1485789317565,1,0,24,1,0.755509530964764,TRUE
"fine_configuration",1.01,"supported_complete","total","covariate_x",200,0.101001967706061,0.0979813523439316,0.0979813523439316,0.00302061536212899,0,0.141727205220157,0.1417113700623,1,0,24,1,0.755509530964764,TRUE
"fine_configuration",2.01,"failure_informative","coherent","(Intercept)",200,0.11295206962213,0.115503453948902,0.100288052546262,0.0126640170758686,0.0152154014026406,0.0293094364228798,0.0314313952178634,0.98,0.00989949493661167,13.315,0.554791666666667,0.738533388067387,FALSE
"fine_configuration",2.01,"failure_informative","coherent","covariate_x",200,0.00375882573106536,0.000322594173871917,0.00516044182169247,-0.00140161609062711,-0.00483784764782055,0.0294030410388833,0.035285411767452,0.985,0.00859505671883555,13.315,0.554791666666667,0.738533388067387,FALSE
"fine_configuration",2.01,"failure_informative","configuration","(Intercept)",200,2.18319669200967,2.18315761990428,2.08598285811296,0.0972138338967113,0.0971747617913182,0.163861686925507,0.257099933854719,1,0,13.315,0.554791666666667,0.738533388067387,FALSE
"fine_configuration",2.01,"failure_informative","configuration","covariate_x",200,0.0482567203659057,0.051160526518928,0.0928209105222391,-0.0445641901563334,-0.0416603840033111,0.26091924410716,0.278768911069681,1,0,13.315,0.554791666666667,0.738533388067387,FALSE
"fine_configuration",2.01,"failure_informative","total","(Intercept)",200,2.2961487616318,2.29866107385318,2.18627091065922,0.10987785097258,0.112390163193959,0.175052394845107,0.271865023560176,1,0,13.315,0.554791666666667,0.738533388067387,FALSE
"fine_configuration",2.01,"failure_informative","total","covariate_x",200,0.0520155460969711,0.0514831206927999,0.0979813523439316,-0.0459658062469605,-0.0464982316511317,0.274254746109293,0.295457933856024,1,0,13.315,0.554791666666667,0.738533388067387,FALSE
"fine_configuration",2.01,"supported_complete","coherent","(Intercept)",200,0.0993594754687394,0.100288052546262,0.100288052546262,-0.000928577077522404,0,0.019227934819624,0.020036283912753,0.99,0.00703562363973515,24,1,0.755509530964764,TRUE
"fine_configuration",2.01,"supported_complete","coherent","covariate_x",200,0.00643639480438141,0.00516044182169247,0.00516044182169247,0.00127595298268895,0,0.019652350596796,0.0207131386391422,0.955,0.0146586152142691,24,1,0.755509530964764,TRUE
"fine_configuration",2.01,"supported_complete","configuration","(Intercept)",200,2.08713291856473,2.08598285811296,2.08598285811296,0.00115006045176897,0,0.0777235502239091,0.140791058736579,1,0,24,1,0.755509530964764,TRUE
"fine_configuration",2.01,"supported_complete","configuration","covariate_x",200,0.0919716333050006,0.0928209105222391,0.0928209105222391,-0.000849277217238504,0,0.133655737267506,0.134790659370677,1,0,24,1,0.755509530964764,TRUE
"fine_configuration",2.01,"supported_complete","total","(Intercept)",200,2.18649239403347,2.18627091065922,2.18627091065922,0.000221483374246591,0,0.0816769440443924,0.14852318835269,1,0,24,1,0.755509530964764,TRUE
"fine_configuration",2.01,"supported_complete","total","covariate_x",200,0.098408028109382,0.0979813523439316,0.0979813523439316,0.000426675765450443,0,0.141329255712684,0.142713646171234,1,0,24,1,0.755509530964764,TRUE
"fine_configuration",4.01,"failure_informative","coherent","(Intercept)",200,0.0464501149000645,0.0461400433787129,0.0354814223732439,0.0109686925268206,0.010658621005469,0.0245254785644901,0.0288261221354292,0.995,0.004987484335815,13.28,0.553333333333333,0.737528468366574,FALSE
"fine_configuration",4.01,"failure_informative","coherent","covariate_x",200,-0.00162811866122444,-0.00119345715540168,0.00230568041384897,-0.00393379907507341,-0.00349913756925065,0.0295711111403369,0.031419326494882,0.965,0.012995191418367,13.28,0.553333333333333,0.737528468366574,FALSE
"fine_configuration",4.01,"failure_informative","configuration","(Intercept)",200,2.20577728191925,2.20331488498636,2.15078948828598,0.0549877936332712,0.0525253967003839,0.178068587589426,0.237796176841973,1,0,13.28,0.553333333333333,0.737528468366574,FALSE
"fine_configuration",4.01,"failure_informative","configuration","covariate_x",200,0.0493546023208209,0.049069111066095,0.0956756719300826,-0.0463210696092618,-0.0466065608639876,0.22845782408012,0.252541747834988,1,0,13.28,0.553333333333333,0.737528468366574,FALSE
"fine_configuration",4.01,"failure_informative","total","(Intercept)",200,2.25222739681931,2.24945492836507,2.18627091065922,0.0659564861600918,0.0631840177058528,0.186889001576764,0.244940791140692,1,0,13.28,0.553333333333333,0.737528468366574,FALSE
"fine_configuration",4.01,"failure_informative","total","covariate_x",200,0.0477264836595964,0.0478756539106934,0.0979813523439316,-0.0502548686843352,-0.0501056984332382,0.234979227183507,0.261050647273316,1,0,13.28,0.553333333333333,0.737528468366574,FALSE
"fine_configuration",4.01,"supported_complete","coherent","(Intercept)",200,0.0352618746759215,0.0354814223732439,0.0354814223732439,-0.00021954769732242,0,0.0159415007782981,0.0186763399877434,0.98,0.00989949493661167,24,1,0.755509530964764,TRUE
"fine_configuration",4.01,"supported_complete","coherent","covariate_x",200,0.00259209984185191,0.00230568041384897,0.00230568041384897,0.00028641942800294,0,0.0202724124782161,0.0198209160562016,0.925,0.0186245805321892,24,1,0.755509530964764,TRUE
"fine_configuration",4.01,"supported_complete","configuration","(Intercept)",200,2.15242361060578,2.15078948828598,2.15078948828598,0.00163412231980648,0,0.0764723183481356,0.145628663687897,1,0,24,1,0.755509530964764,TRUE
"fine_configuration",4.01,"supported_complete","configuration","covariate_x",200,0.0950194021460842,0.0956756719300826,0.0956756719300826,-0.000656269783998422,0,0.135291088613469,0.13864806147679,1,0,24,1,0.755509530964764,TRUE
"fine_configuration",4.01,"supported_complete","total","(Intercept)",200,2.1876854852817,2.18627091065922,2.18627091065922,0.00141457462248404,0,0.0777754438033649,0.149073009803027,1,0,24,1,0.755509530964764,TRUE
"fine_configuration",4.01,"supported_complete","total","covariate_x",200,0.0976115019879361,0.0979813523439316,0.0979813523439316,-0.000369850355995484,0,0.139890081113017,0.142107247999694,1,0,24,1,0.755509530964764,TRUE
"mixed_broad_fine",0.01,"failure_informative","coherent","(Intercept)",200,2.33394319535974,2.334507461424,2.17071211268041,0.163231082679326,0.163795348743586,0.169491231977281,0.298851388502213,1,0,13.33,0.555416666666667,0.73949015055415,FALSE
"mixed_broad_fine",0.01,"failure_informative","coherent","covariate_x",200,0.0212350560405879,0.02048112425286,0.0972919499237615,-0.0760568938831736,-0.0768108256709015,0.302748639033283,0.329341108621493,1,0,13.33,0.555416666666667,0.73949015055415,FALSE
"mixed_broad_fine",0.01,"failure_informative","configuration","(Intercept)",200,0.014875884649696,0.0156605924800127,0.015558797978809,-0.000682913329112956,0.000101794501203741,0.0240612001492086,0.0265246176439761,0.97,0.0120623380818148,13.33,0.555416666666667,0.73949015055415,FALSE
"mixed_broad_fine",0.01,"failure_informative","configuration","covariate_x",200,0.00234861578989925,0.000844977249963414,0.000689402420170094,0.00165921336972915,0.00015557482979332,0.0259776971528239,0.031407080496546,0.965,0.012995191418367,13.33,0.555416666666667,0.73949015055415,FALSE
"mixed_broad_fine",0.01,"failure_informative","total","(Intercept)",200,2.34881908000943,2.35016805390401,2.18627091065922,0.162548169350213,0.16389714324479,0.17084450180676,0.30380053674364,1,0,13.33,0.555416666666667,0.73949015055415,FALSE
"mixed_broad_fine",0.01,"failure_informative","total","covariate_x",200,0.0235836718304872,0.0213261015028234,0.0979813523439316,-0.0743976805134444,-0.0766552508411082,0.304015331025383,0.332718281902487,1,0,13.33,0.555416666666667,0.73949015055415,FALSE
"mixed_broad_fine",0.01,"supported_complete","coherent","(Intercept)",200,2.17129016325337,2.17071211268041,2.17071211268041,0.000578050572958801,0,0.0769576640315358,0.147518098604112,1,0,24,1,0.755509530964764,TRUE
"mixed_broad_fine",0.01,"supported_complete","coherent","covariate_x",200,0.0969930087548942,0.0972919499237615,0.0972919499237615,-0.000298941168867281,0,0.136806044720878,0.140749362979764,1,0,24,1,0.755509530964764,TRUE
"mixed_broad_fine",0.01,"supported_complete","configuration","(Intercept)",200,0.0160425887346569,0.015558797978809,0.015558797978809,0.000483790755847947,0,0.016958766644943,0.0175443469637384,0.98,0.00989949493661167,24,1,0.755509530964764,TRUE
"mixed_broad_fine",0.01,"supported_complete","configuration","covariate_x",200,0.00273781070062267,0.000689402420170094,0.000689402420170094,0.00204840828045258,0,0.0170575805545825,0.0186310869598329,0.945,0.0161206389451535,24,1,0.755509530964764,TRUE
"mixed_broad_fine",0.01,"supported_complete","total","(Intercept)",200,2.18733275198803,2.18627091065922,2.18627091065922,0.00106184132880676,0,0.0782200701846106,0.149341718137797,1,0,24,1,0.755509530964764,TRUE
"mixed_broad_fine",0.01,"supported_complete","total","covariate_x",200,0.0997308194555169,0.0979813523439316,0.0979813523439316,0.0017494671115853,0,0.13797221105169,0.142850934842212,1,0,24,1,0.755509530964764,TRUE
"mixed_broad_fine",1.01,"failure_informative","coherent","(Intercept)",200,1.30853976972202,1.30785524313312,1.21470922387303,0.0938305458489882,0.0931460192600919,0.0986202459424522,0.168149000451505,1,0,13.275,0.553125,0.739423498424207,FALSE
"mixed_broad_fine",1.01,"failure_informative","coherent","covariate_x",200,0.0124827862995862,0.0116612136791865,0.0550985892471925,-0.0426158029476062,-0.043437375568006,0.1727035162909,0.184556297127835,1,0,13.275,0.553125,0.739423498424207,FALSE
"mixed_broad_fine",1.01,"failure_informative","configuration","(Intercept)",200,1.04500878697135,1.04167663104903,0.971561686786191,0.0734471001851616,0.0701149442628384,0.080244911023731,0.134266015902113,1,0,13.275,0.553125,0.739423498424207,FALSE
"mixed_broad_fine",1.01,"failure_informative","configuration","covariate_x",200,0.00873035916352967,0.0103575476286262,0.0428827630967392,-0.0341524039332095,-0.032525215468113,0.140418327767531,0.147652451374886,1,0,13.275,0.553125,0.739423498424207,FALSE
"mixed_broad_fine",1.01,"failure_informative","total","(Intercept)",200,2.35354855669337,2.34953187418215,2.18627091065922,0.16727764603415,0.16326096352293,0.17352503476054,0.298506249095124,1,0,13.275,0.553125,0.739423498424207,FALSE
"mixed_broad_fine",1.01,"failure_informative","total","covariate_x",200,0.0212131454631159,0.0220187613078126,0.0979813523439316,-0.0767682068808157,-0.075962591036119,0.309634208089111,0.327573195358214,1,0,13.275,0.553125,0.739423498424207,FALSE
"mixed_broad_fine",1.01,"supported_complete","coherent","(Intercept)",200,1.215330439153,1.21470922387303,1.21470922387303,0.000621215279973399,0,0.0478831295963236,0.08365516036307,1,0,24,1,0.755509530964764,TRUE
"mixed_broad_fine",1.01,"supported_complete","coherent","covariate_x",200,0.0574014847031029,0.0550985892471925,0.0550985892471925,0.00230289545591049,0,0.0799156803417596,0.0799310510217005,1,0,24,1,0.755509530964764,TRUE
"mixed_broad_fine",1.01,"supported_complete","configuration","(Intercept)",200,0.971544304408977,0.971561686786191,0.971561686786191,-1.73823772139092e-05,0,0.0386983834906315,0.0678245359323416,1,0,24,1,0.755509530964764,TRUE
"mixed_broad_fine",1.01,"supported_complete","configuration","covariate_x",200,0.0436004830029577,0.0428827630967392,0.0428827630967392,0.000717719906218504,0,0.0652209663036524,0.0654602911378726,1,0,24,1,0.755509530964764,TRUE
"mixed_broad_fine",1.01,"supported_complete","total","(Intercept)",200,2.18687474356198,2.18627091065922,2.18627091065922,0.000603832902759508,0,0.0811433644723659,0.1485789317565,1,0,24,1,0.755509530964764,TRUE
"mixed_broad_fine",1.01,"supported_complete","total","covariate_x",200,0.101001967706061,0.0979813523439316,0.0979813523439316,0.00302061536212899,0,0.141727205220157,0.1417113700623,1,0,24,1,0.755509530964764,TRUE
"mixed_broad_fine",2.01,"failure_informative","coherent","(Intercept)",200,1.22914892671613,1.23128205515292,1.14335286852006,0.0857960581960729,0.0879291866328544,0.0954884534486568,0.159653713850664,1,0,13.265,0.552708333333333,0.739402448061016,FALSE
"mixed_broad_fine",2.01,"failure_informative","coherent","covariate_x",200,0.0143640080716283,0.0109495744025568,0.0519006359826952,-0.0375366279110669,-0.0409510615801384,0.163107214736067,0.175556879785898,1,0,13.265,0.552708333333333,0.739402448061016,FALSE
"mixed_broad_fine",2.01,"failure_informative","configuration","(Intercept)",200,1.1181121033522,1.11837245668524,1.04291804213916,0.0751940612130415,0.0754544145460788,0.0845189095729586,0.144187367865737,1,0,13.265,0.552708333333333,0.739402448061016,FALSE
"mixed_broad_fine",2.01,"failure_informative","configuration","covariate_x",200,0.00890994840899806,0.0111027663115032,0.0460807163612364,-0.0371707679522384,-0.0349779500497332,0.150865075998552,0.158087977886021,1,0,13.265,0.552708333333333,0.739402448061016,FALSE
"mixed_broad_fine",2.01,"failure_informative","total","(Intercept)",200,2.34726103006833,2.34965451183815,2.18627091065922,0.160990119409114,0.163383601178933,0.174278650393581,0.300381266722795,1,0,13.265,0.552708333333333,0.739402448061016,FALSE
"mixed_broad_fine",2.01,"failure_informative","total","covariate_x",200,0.0232739564806264,0.02205234071406,0.0979813523439316,-0.0747073958633052,-0.0759290116298716,0.30995661444368,0.329229695410954,1,0,13.265,0.552708333333333,0.739402448061016,FALSE
"mixed_broad_fine",2.01,"supported_complete","coherent","(Intercept)",200,1.14242429144254,1.14335286852006,1.14335286852006,-0.000928577077522408,0,0.0447690608906799,0.0794904277793864,1,0,24,1,0.755509530964764,TRUE
"mixed_broad_fine",2.01,"supported_complete","coherent","covariate_x",200,0.0531765889653841,0.0519006359826952,0.0519006359826952,0.00127595298268895,0,0.0752057566971618,0.076761086407122,1,0,24,1,0.755509530964764,TRUE
"mixed_broad_fine",2.01,"supported_complete","configuration","(Intercept)",200,1.04406810259093,1.04291804213916,1.04291804213916,0.00115006045176895,0,0.0425742939174784,0.0719100388941203,1,0,24,1,0.755509530964764,TRUE
"mixed_broad_fine",2.01,"supported_complete","configuration","covariate_x",200,0.0452314391439979,0.0460807163612364,0.0460807163612364,-0.0008492772172385,0,0.0691078063942602,0.0696039143066045,1,0,24,1,0.755509530964764,TRUE
"mixed_broad_fine",2.01,"supported_complete","total","(Intercept)",200,2.18649239403347,2.18627091065922,2.18627091065922,0.000221483374246579,0,0.0816769440443924,0.14852318835269,1,0,24,1,0.755509530964764,TRUE
"mixed_broad_fine",2.01,"supported_complete","total","covariate_x",200,0.098408028109382,0.0979813523439316,0.0979813523439316,0.000426675765450451,0,0.141329255712684,0.142713646171234,1,0,24,1,0.755509530964764,TRUE
"mixed_broad_fine",4.01,"failure_informative","coherent","(Intercept)",200,1.19394008900454,1.19382242253434,1.10861989283112,0.0853201961734103,0.0852025297032126,0.0954279849885822,0.155326565029212,1,0,13.27,0.552916666666667,0.739400142086863,FALSE
"mixed_broad_fine",4.01,"failure_informative","coherent","covariate_x",200,0.010319121887219,0.0106456551471648,0.0503440201432132,-0.0400248982559942,-0.0396983649960484,0.157093820628827,0.170726876520585,1,0,13.27,0.552916666666667,0.739400142086863,FALSE
"mixed_broad_fine",4.01,"failure_informative","configuration","(Intercept)",200,1.15713136793613,1.15558621423239,1.0776510178281,0.0794803501080361,0.0779351964042898,0.0871713399646265,0.148886622410049,1,0,13.27,0.552916666666667,0.739400142086863,FALSE
"mixed_broad_fine",4.01,"failure_informative","configuration","covariate_x",200,0.0129930171630416,0.0114938143737152,0.0476373322007184,-0.0346443150376768,-0.0361435178270032,0.151575104114934,0.161686117576723,1,0,13.27,0.552916666666667,0.739400142086863,FALSE
"mixed_broad_fine",4.01,"failure_informative","total","(Intercept)",200,2.35107145694067,2.34940863676672,2.18627091065922,0.164800546281446,0.163137726107502,0.178042010826536,0.300570965481208,1,0,13.27,0.552916666666667,0.739400142086863,FALSE
"mixed_broad_fine",4.01,"failure_informative","total","covariate_x",200,0.0233121390502606,0.02213946952088,0.0979813523439316,-0.074669213293671,-0.0758418828230516,0.30528526125938,0.327959802613912,1,0,13.27,0.552916666666667,0.739400142086863,FALSE
"mixed_broad_fine",4.01,"supported_complete","coherent","(Intercept)",200,1.1084003451338,1.10861989283112,1.10861989283112,-0.000219547697322414,0,0.0421906019105803,0.0773866666579057,1,0,24,1,0.755509530964764,TRUE
"mixed_broad_fine",4.01,"supported_complete","coherent","covariate_x",200,0.0506304395712161,0.0503440201432132,0.0503440201432132,0.00028641942800294,0,0.0742883505531872,0.0744584069914158,1,0,24,1,0.755509530964764,TRUE
"mixed_broad_fine",4.01,"supported_complete","configuration","(Intercept)",200,1.0792851401479,1.0776510178281,1.0776510178281,0.00163412231980645,0,0.0402446634961154,0.0745984208776991,1,0,24,1,0.755509530964764,TRUE
"mixed_broad_fine",4.01,"supported_complete","configuration","covariate_x",200,0.04698106241672,0.0476373322007184,0.0476373322007184,-0.000656269783998423,0,0.0688417997846176,0.0712996501762718,1,0,24,1,0.755509530964764,TRUE
"mixed_broad_fine",4.01,"supported_complete","total","(Intercept)",200,2.1876854852817,2.18627091065922,2.18627091065922,0.00141457462248405,0,0.0777754438033649,0.149073009803027,1,0,24,1,0.755509530964764,TRUE
"mixed_broad_fine",4.01,"supported_complete","total","covariate_x",200,0.0976115019879361,0.0979813523439316,0.0979813523439316,-0.000369850355995485,0,0.139890081113017,0.142107247999694,1,0,24,1,0.755509530964764,TRUE
